Sat Jan 30 17:05:58 2016,60.8,24,710,404
Sat Jan 30 17:10:05 2016,60.8,25,645,1021
Sat Jan 30 17:15:05 2016,60.8,26,663,452
Sat Jan 30 17:20:05 2016,60.8,26,651,431
Sat Jan 30 17:25:06 2016,60.8,26,655,425
Sat Jan 30 17:30:05 2016,60.8,26,658,421
Sat Jan 30 17:35:05 2016,60.8,26,644,426
Sat Jan 30 17:40:05 2016,60.8,27,655,412
Sat Jan 30 17:45:06 2016,60.8,26,655,414
Sat Jan 30 17:50:05 2016,60.8,26,257,412
Sat Jan 30 17:55:05 2016,60.8,26,257,405
Sat Jan 30 18:00:05 2016,60.8,27,257,420
Sat Jan 30 18:05:05 2016,60.8,27,258,409
Sat Jan 30 18:10:05 2016,60.8,27,258,407
Sat Jan 30 18:15:05 2016,60.8,27,258,397
Sat Jan 30 18:20:05 2016,60.8,29,259,415
Sat Jan 30 18:25:05 2016,60.8,27,258,404
Sat Jan 30 18:30:05 2016,59,27,258,405
Sat Jan 30 18:35:05 2016,59,27,259,408
Sat Jan 30 18:40:05 2016,59,27,0,401
Sat Jan 30 18:45:05 2016,59,29,0,400
Sat Jan 30 18:50:05 2016,59,27,0,399
Sat Jan 30 18:55:06 2016,59,27,0,399
Sat Jan 30 19:00:05 2016,59,29,0,398
Sat Jan 30 19:05:05 2016,59,29,0,389
Sat Jan 30 19:10:05 2016,59,27,0,395
Sat Jan 30 19:15:06 2016,59,27,0,394
Sat Jan 30 19:20:05 2016,59,27,0,394
Sat Jan 30 19:25:05 2016,59,29,0,393
Sat Jan 30 19:30:05 2016,59,29,0,384
Sat Jan 30 19:35:05 2016,59,29,0,382
Sat Jan 30 19:40:05 2016,59,27,0,400
Sat Jan 30 19:45:05 2016,59,29,0,392
Sat Jan 30 19:50:05 2016,59,29,0,383
Sat Jan 30 19:55:05 2016,59,27,0,391
Sat Jan 30 20:00:06 2016,59,29,0,380
Sat Jan 30 20:05:05 2016,59,27,0,381
Sat Jan 30 20:10:05 2016,60.8,29,0,381
Sat Jan 30 20:15:05 2016,60.8,27,0,387
Sat Jan 30 20:20:06 2016,59,27,0,388
Sat Jan 30 20:25:05 2016,60.8,27,0,386
Sat Jan 30 20:30:05 2016,60.8,27,0,383
Sat Jan 30 20:35:05 2016,60.8,27,0,386
Sat Jan 30 20:40:06 2016,59,29,0,386
Sat Jan 30 20:45:05 2016,60.8,27,0,377
Sat Jan 30 20:50:05 2016,60.8,27,0,385
Sat Jan 30 20:55:05 2016,59,27,0,381
Sat Jan 30 21:00:05 2016,59,27,0,393
Sat Jan 30 21:05:06 2016,60.8,27,0,385
Sat Jan 30 21:10:05 2016,60.8,27,0,392
Sat Jan 30 21:15:05 2016,60.8,29,0,382
Sat Jan 30 21:20:05 2016,60.8,27,0,394
Sat Jan 30 21:25:06 2016,60.8,27,0,382
Sat Jan 30 21:30:05 2016,60.8,27,0,384
Sat Jan 30 21:35:05 2016,60.8,27,0,377
Sat Jan 30 21:40:05 2016,60.8,27,0,387
Sat Jan 30 21:45:06 2016,60.8,27,0,386
Sat Jan 30 21:50:05 2016,60.8,26,0,380
Sat Jan 30 21:55:05 2016,60.8,27,0,379
Sat Jan 30 22:00:05 2016,60.8,27,0,389
Sat Jan 30 22:05:05 2016,60.8,27,0,379
Sat Jan 30 22:10:05 2016,60.8,26,0,378
Sat Jan 30 22:15:05 2016,60.8,27,0,375
Sat Jan 30 22:20:05 2016,60.8,27,0,379
Sat Jan 30 22:25:05 2016,60.8,26,0,378
Sat Jan 30 22:30:06 2016,60.8,26,0,387
Sat Jan 30 22:35:05 2016,60.8,27,0,377
Sat Jan 30 22:40:05 2016,60.8,27,0,377
Sat Jan 30 22:45:05 2016,60.8,26,0,382
Sat Jan 30 22:50:05 2016,60.8,26,0,376
Sat Jan 30 22:55:05 2016,60.8,27,0,365
Sat Jan 30 23:00:05 2016,60.8,26,0,375
Sat Jan 30 23:05:05 2016,60.8,26,0,384
Sat Jan 30 23:10:05 2016,60.8,26,0,375
Sat Jan 30 23:15:05 2016,60.8,27,0,374
Sat Jan 30 23:20:05 2016,60.8,26,0,366
Sat Jan 30 23:25:05 2016,60.8,26,0,379
Sat Jan 30 23:30:05 2016,60.8,26,0,384
Sat Jan 30 23:35:05 2016,60.8,26,0,374
Sat Jan 30 23:40:05 2016,60.8,26,0,374
Sat Jan 30 23:45:05 2016,60.8,26,0,375
Sat Jan 30 23:50:05 2016,60.8,26,0,363
Sat Jan 30 23:55:06 2016,60.8,26,0,373
Sun Jan 31 00:00:05 2016,60.8,26,0,373
Sun Jan 31 00:05:05 2016,60.8,26,0,367
Sun Jan 31 00:10:06 2016,60.8,26,0,372
Sun Jan 31 00:15:05 2016,60.8,26,0,372
Sun Jan 31 00:20:05 2016,60.8,26,0,368
Sun Jan 31 00:25:05 2016,60.8,26,0,376
Sun Jan 31 00:30:05 2016,60.8,26,0,372
Sun Jan 31 00:35:05 2016,60.8,25,0,367
Sun Jan 31 00:40:05 2016,60.8,25,0,368
Sun Jan 31 00:45:05 2016,60.8,26,0,371
Sun Jan 31 00:50:05 2016,60.8,26,0,371
Sun Jan 31 00:55:05 2016,60.8,24,0,371
Sun Jan 31 01:00:05 2016,60.8,24,0,370
Sun Jan 31 01:05:05 2016,60.8,25,0,370
Sun Jan 31 01:10:05 2016,60.8,25,0,364
Sun Jan 31 01:15:05 2016,60.8,25,0,362
Sun Jan 31 01:20:05 2016,60.8,25,0,375
Sun Jan 31 01:25:05 2016,60.8,24,0,360
Sun Jan 31 01:30:05 2016,60.8,24,0,359
Sun Jan 31 01:35:05 2016,60.8,24,0,376
Sun Jan 31 01:40:06 2016,60.8,24,0,369
Sun Jan 31 01:45:05 2016,60.8,24,0,369
Sun Jan 31 01:50:05 2016,60.8,24,0,379
Sun Jan 31 01:55:05 2016,60.8,24,0,368
Sun Jan 31 02:00:05 2016,60.8,24,0,368
Sun Jan 31 02:05:06 2016,60.8,24,0,368
Sun Jan 31 02:10:05 2016,60.8,24,0,368
Sun Jan 31 02:15:05 2016,60.8,24,0,368
Sun Jan 31 02:20:05 2016,60.8,23,0,357
Sun Jan 31 02:25:06 2016,60.8,23,0,375
Sun Jan 31 02:30:05 2016,60.8,23,0,357
Sun Jan 31 02:35:05 2016,60.8,23,0,367
Sun Jan 31 02:40:05 2016,60.8,23,0,370
Sun Jan 31 02:45:06 2016,60.8,23,0,368
Sun Jan 31 02:50:05 2016,60.8,23,0,361
Sun Jan 31 02:55:05 2016,60.8,24,0,375
Sun Jan 31 03:00:05 2016,60.8,23,0,367
Sun Jan 31 03:05:05 2016,60.8,23,0,366
Sun Jan 31 03:10:05 2016,60.8,23,0,374
Sun Jan 31 03:15:05 2016,60.8,23,0,366
Sun Jan 31 03:20:05 2016,60.8,23,0,367
Sun Jan 31 03:25:05 2016,60.8,23,0,366
Sun Jan 31 03:30:06 2016,60.8,21,0,367
Sun Jan 31 03:35:05 2016,60.8,23,0,375
Sun Jan 31 03:40:05 2016,60.8,23,0,376
Sun Jan 31 03:45:05 2016,60.8,21,0,366
Sun Jan 31 03:50:06 2016,60.8,23,0,366
Sun Jan 31 03:55:05 2016,60.8,23,0,364
Sun Jan 31 04:00:05 2016,60.8,23,0,364
Sun Jan 31 04:05:05 2016,60.8,23,0,375
Sun Jan 31 04:10:06 2016,60.8,23,0,367
Sun Jan 31 04:15:05 2016,60.8,23,0,365
Sun Jan 31 04:20:05 2016,60.8,21,0,355
Sun Jan 31 04:25:05 2016,60.8,23,0,373
Sun Jan 31 04:30:05 2016,60.8,23,0,355
Sun Jan 31 04:35:06 2016,60.8,21,0,372
Sun Jan 31 04:40:05 2016,60.8,22,0,358
Sun Jan 31 04:45:05 2016,60.8,21,0,375
Sun Jan 31 04:50:05 2016,60.8,21,0,365
Sun Jan 31 04:55:06 2016,60.8,21,0,365
Sun Jan 31 05:00:05 2016,60.8,21,0,361
Sun Jan 31 05:05:05 2016,60.8,21,0,373
Sun Jan 31 05:10:05 2016,60.8,21,0,371
Sun Jan 31 05:15:06 2016,60.8,21,0,364
Sun Jan 31 05:20:05 2016,60.8,21,0,364
Sun Jan 31 05:25:05 2016,60.8,21,0,365
Sun Jan 31 05:30:05 2016,62.6,20,0,359
Sun Jan 31 05:35:05 2016,60.8,21,0,363
Sun Jan 31 05:40:05 2016,60.8,21,0,355
Sun Jan 31 05:45:05 2016,62.6,20,0,362
Sun Jan 31 05:50:05 2016,60.8,21,0,370
Sun Jan 31 05:55:05 2016,60.8,21,0,363
Sun Jan 31 06:00:06 2016,60.8,20,0,371
Sun Jan 31 06:05:05 2016,60.8,20,0,361
Sun Jan 31 06:10:05 2016,62.6,20,0,365
Sun Jan 31 06:15:05 2016,60.8,20,0,365
Sun Jan 31 06:20:06 2016,62.6,19,0,368
Sun Jan 31 06:25:05 2016,60.8,20,0,365
Sun Jan 31 06:30:05 2016,60.8,23,0,364
Sun Jan 31 06:35:05 2016,62.6,19,0,355
Sun Jan 31 06:40:06 2016,60.8,20,0,360
Sun Jan 31 06:45:05 2016,60.8,20,0,374
Sun Jan 31 06:50:05 2016,60.8,20,639,355
Sun Jan 31 06:55:05 2016,60.8,20,638,373
Sun Jan 31 07:00:05 2016,60.8,20,636,356
Sun Jan 31 07:05:05 2016,62.6,19,647,363
Sun Jan 31 07:10:05 2016,62.6,19,640,363
Sun Jan 31 07:15:05 2016,62.6,19,641,363
Sun Jan 31 07:20:05 2016,62.6,19,642,363
Sun Jan 31 07:25:05 2016,60.8,20,639,363
Sun Jan 31 07:30:05 2016,60.8,20,644,363
Sun Jan 31 07:35:05 2016,60.8,20,645,362
Sun Jan 31 07:40:05 2016,62.6,19,637,361
Sun Jan 31 07:45:05 2016,62.6,19,628,355
Sun Jan 31 07:50:05 2016,60.8,20,629,372
Sun Jan 31 07:55:06 2016,60.8,20,640,362
Sun Jan 31 08:00:05 2016,60.8,20,638,361
Sun Jan 31 08:05:05 2016,60.8,20,629,358
Sun Jan 31 08:10:06 2016,60.8,20,639,362
Sun Jan 31 08:15:05 2016,60.8,20,636,362
Sun Jan 31 08:20:05 2016,60.8,20,622,354
Sun Jan 31 08:25:05 2016,60.8,20,638,361
Sun Jan 31 08:30:05 2016,60.8,20,639,362
Sun Jan 31 08:35:05 2016,60.8,20,639,362
Sun Jan 31 08:40:05 2016,60.8,20,625,364
Sun Jan 31 08:45:05 2016,60.8,20,622,352
Sun Jan 31 08:50:05 2016,60.8,20,622,353
Sun Jan 31 08:55:05 2016,60.8,20,638,362
Sun Jan 31 09:00:06 2016,60.8,20,635,362
Sun Jan 31 09:05:05 2016,60.8,20,626,366
Sun Jan 31 09:10:05 2016,60.8,20,636,362
Sun Jan 31 09:15:05 2016,60.8,20,636,362
Sun Jan 31 09:20:06 2016,60.8,20,637,362
Sun Jan 31 09:25:05 2016,60.8,20,636,362
Sun Jan 31 09:30:05 2016,60.8,20,638,362
Sun Jan 31 09:35:05 2016,60.8,20,632,362
Sun Jan 31 09:40:05 2016,60.8,20,634,362
Sun Jan 31 09:45:05 2016,60.8,20,621,355
Sun Jan 31 09:50:05 2016,60.8,20,634,362
Sun Jan 31 09:55:05 2016,60.8,20,634,363
Sun Jan 31 10:00:05 2016,60.8,20,621,353
Sun Jan 31 10:05:05 2016,60.8,20,637,363
Sun Jan 31 10:10:05 2016,60.8,20,622,353
Sun Jan 31 10:15:05 2016,60.8,20,636,363
Sun Jan 31 10:20:06 2016,59,20,635,363
Sun Jan 31 10:25:05 2016,59,20,623,354
Sun Jan 31 10:30:05 2016,59,20,630,363
Sun Jan 31 10:35:05 2016,59,20,629,372
Sun Jan 31 10:40:06 2016,59,20,637,363
Sun Jan 31 10:45:05 2016,59,20,623,353
Sun Jan 31 10:50:05 2016,59,20,624,356
Sun Jan 31 10:55:05 2016,59,20,641,362
Sun Jan 31 11:00:05 2016,59,20,644,363
Sun Jan 31 11:05:05 2016,59,20,638,363
Sun Jan 31 11:10:05 2016,59,20,637,362
Sun Jan 31 11:15:05 2016,59,20,637,363
Sun Jan 31 11:20:05 2016,59,20,631,373
Sun Jan 31 11:25:06 2016,59,20,650,370
Sun Jan 31 11:30:05 2016,59,20,657,368
Sun Jan 31 11:35:05 2016,59,20,678,352
Sun Jan 31 11:40:05 2016,59,20,696,363
Sun Jan 31 11:45:06 2016,59,20,682,352
Sun Jan 31 11:50:05 2016,59,20,678,363
Sun Jan 31 11:55:05 2016,59,20,675,370
Sun Jan 31 12:00:05 2016,59,20,679,374
Sun Jan 31 12:05:05 2016,59,20,675,364
Sun Jan 31 12:10:05 2016,59,20,654,372
Sun Jan 31 12:15:05 2016,59,20,656,363
Sun Jan 31 12:20:05 2016,59,20,641,361
Sun Jan 31 12:25:05 2016,59,20,640,363
Sun Jan 31 12:30:06 2016,59,20,622,357
Sun Jan 31 12:35:05 2016,59,20,634,364
Sun Jan 31 12:40:05 2016,59,20,647,361
Sun Jan 31 12:45:05 2016,59,20,649,364
Sun Jan 31 12:50:06 2016,59,20,641,353
Sun Jan 31 12:55:05 2016,59,20,650,359
Sun Jan 31 13:00:05 2016,59,20,657,363
Sun Jan 31 13:05:05 2016,59,20,668,364
Sun Jan 31 13:10:05 2016,59,20,661,364
Sun Jan 31 13:15:05 2016,59,20,653,363
Sun Jan 31 13:20:05 2016,59,20,639,355
Sun Jan 31 13:25:05 2016,59,20,634,354
Sun Jan 31 13:30:05 2016,59,20,647,364
Sun Jan 31 13:35:05 2016,59,20,628,353
Sun Jan 31 13:40:05 2016,59,20,633,364
Sun Jan 31 13:45:05 2016,59,20,622,359
Sun Jan 31 13:50:05 2016,59,20,636,364
Sun Jan 31 13:55:05 2016,59,20,637,364
Sun Jan 31 14:00:05 2016,59,20,636,365
Sun Jan 31 14:05:05 2016,59,20,631,365
Sun Jan 31 14:10:06 2016,59,20,627,367
Sun Jan 31 14:15:05 2016,59,20,623,357
Sun Jan 31 14:20:05 2016,59,20,632,363
Sun Jan 31 14:25:05 2016,59,20,636,364
Sun Jan 31 14:30:05 2016,59,20,633,364
Sun Jan 31 14:35:06 2016,59,20,627,373
Sun Jan 31 14:40:05 2016,59,20,635,364
Sun Jan 31 14:45:05 2016,59,20,627,362
Sun Jan 31 14:50:05 2016,59,20,621,358
Sun Jan 31 14:55:06 2016,59,20,624,361
Sun Jan 31 15:00:05 2016,59,20,632,364
Sun Jan 31 15:05:05 2016,59,20,619,372
Sun Jan 31 15:10:05 2016,59,21,628,363
Sun Jan 31 15:15:06 2016,59,20,633,364
Sun Jan 31 15:20:05 2016,59,20,637,364
Sun Jan 31 15:25:05 2016,60.8,21,630,358
Sun Jan 31 15:30:05 2016,59,21,623,360
Sun Jan 31 15:35:05 2016,59,21,633,364
Sun Jan 31 15:40:05 2016,59,21,647,364
Sun Jan 31 15:45:05 2016,59,21,646,364
Sun Jan 31 15:50:05 2016,59,21,644,364
Sun Jan 31 15:55:05 2016,59,21,635,353
Sun Jan 31 16:00:06 2016,59,20,637,366
Sun Jan 31 16:05:05 2016,59,20,647,364
Sun Jan 31 16:10:05 2016,59,21,648,364
Sun Jan 31 16:15:05 2016,59,20,644,364
Sun Jan 31 16:20:06 2016,59,21,616,357
Sun Jan 31 16:25:05 2016,59,20,626,364
Sun Jan 31 16:30:05 2016,59,21,627,365
Sun Jan 31 16:35:05 2016,59,22,627,364
Sun Jan 31 16:40:06 2016,60.8,21,628,365
Sun Jan 31 16:45:05 2016,60.8,21,627,364
Sun Jan 31 16:50:05 2016,59,21,614,355
Sun Jan 31 16:55:05 2016,59,20,622,362
Sun Jan 31 17:00:05 2016,59,21,625,364
Sun Jan 31 17:05:06 2016,60.8,21,616,354
Sun Jan 31 17:10:05 2016,60.8,20,631,364
Sun Jan 31 17:15:05 2016,60.8,21,627,364
Sun Jan 31 17:20:05 2016,60.8,21,623,366
Sun Jan 31 17:25:06 2016,60.8,21,632,364
Sun Jan 31 17:30:05 2016,60.8,21,621,365
Sun Jan 31 17:35:05 2016,60.8,23,629,364
Sun Jan 31 17:40:05 2016,60.8,21,620,375
Sun Jan 31 17:45:06 2016,60.8,21,619,357
Sun Jan 31 17:50:05 2016,60.8,21,0,357
Sun Jan 31 17:55:05 2016,60.8,23,0,366
Sun Jan 31 18:00:05 2016,59,21,0,364
Sun Jan 31 18:05:05 2016,60.8,23,0,373
Sun Jan 31 18:10:05 2016,60.8,21,0,373
Sun Jan 31 18:15:05 2016,59,23,0,361
Sun Jan 31 18:20:05 2016,59,23,0,373
Sun Jan 31 18:25:05 2016,60.8,23,0,365
Sun Jan 31 18:30:06 2016,59,21,0,371
Sun Jan 31 18:35:05 2016,59,23,0,362
Sun Jan 31 18:40:05 2016,60.8,23,0,372
Sun Jan 31 18:45:05 2016,60.8,21,0,359
Sun Jan 31 18:50:05 2016,59,21,0,365
Sun Jan 31 18:55:05 2016,60.8,24,0,365
Sun Jan 31 19:00:05 2016,60.8,24,0,376
Sun Jan 31 19:05:05 2016,60.8,23,0,359
Sun Jan 31 19:10:05 2016,60.8,23,0,366
Sun Jan 31 19:15:05 2016,60.8,23,0,365
Sun Jan 31 19:20:05 2016,60.8,23,0,365
Sun Jan 31 19:25:05 2016,60.8,23,0,365
Sun Jan 31 19:30:06 2016,60.8,23,0,365
Sun Jan 31 19:35:05 2016,60.8,23,0,376
Sun Jan 31 19:40:05 2016,60.8,23,0,366
Sun Jan 31 19:45:05 2016,60.8,21,0,366
Sun Jan 31 19:50:06 2016,60.8,23,0,375
Sun Jan 31 19:55:05 2016,60.8,22,0,355
Sun Jan 31 20:00:05 2016,60.8,23,0,365
Sun Jan 31 20:05:05 2016,60.8,23,0,365
Sun Jan 31 20:10:06 2016,60.8,23,0,356
Sun Jan 31 20:15:05 2016,60.8,22,0,357
Sun Jan 31 20:20:05 2016,60.8,23,0,376
Sun Jan 31 20:25:05 2016,60.8,23,0,365
Sun Jan 31 20:30:05 2016,60.8,23,0,365
Sun Jan 31 20:35:06 2016,60.8,22,0,366
Sun Jan 31 20:40:05 2016,60.8,21,0,365
Sun Jan 31 20:45:05 2016,60.8,23,0,365
Sun Jan 31 20:50:05 2016,60.8,21,0,366
Sun Jan 31 20:55:06 2016,60.8,23,0,366
Sun Jan 31 21:00:05 2016,60.8,23,0,356
Sun Jan 31 21:05:05 2016,60.8,23,0,366
Sun Jan 31 21:10:06 2016,60.8,23,0,377
Sun Jan 31 21:15:05 2016,60.8,21,0,363
Sun Jan 31 21:20:05 2016,60.8,21,0,376
Sun Jan 31 21:25:05 2016,60.8,23,0,363
Sun Jan 31 21:30:05 2016,60.8,23,0,358
Sun Jan 31 21:35:05 2016,60.8,21,0,374
Sun Jan 31 21:40:05 2016,60.8,21,0,366
Sun Jan 31 21:45:05 2016,60.8,21,0,366
Sun Jan 31 21:50:05 2016,60.8,23,0,373
Sun Jan 31 21:55:05 2016,60.8,21,0,361
Sun Jan 31 22:00:06 2016,60.8,21,0,369
Sun Jan 31 22:05:05 2016,60.8,21,0,366
Sun Jan 31 22:10:05 2016,60.8,21,0,366
Sun Jan 31 22:15:05 2016,60.8,21,0,357
Sun Jan 31 22:20:06 2016,60.8,21,0,355
Sun Jan 31 22:25:05 2016,60.8,21,0,375
Sun Jan 31 22:30:05 2016,60.8,21,0,366
Sun Jan 31 22:35:05 2016,60.8,21,0,378
Sun Jan 31 22:40:05 2016,60.8,21,0,373
Sun Jan 31 22:45:05 2016,60.8,21,0,360
Sun Jan 31 22:50:05 2016,60.8,21,0,366
Sun Jan 31 22:55:05 2016,60.8,21,0,358
Sun Jan 31 23:00:05 2016,60.8,21,0,364
Sun Jan 31 23:05:06 2016,60.8,21,0,376
Sun Jan 31 23:10:05 2016,60.8,21,0,376
Sun Jan 31 23:15:05 2016,60.8,21,0,365
Sun Jan 31 23:20:06 2016,60.8,21,0,355
Sun Jan 31 23:25:05 2016,60.8,21,0,366
Sun Jan 31 23:30:05 2016,60.8,21,0,377
Sun Jan 31 23:35:05 2016,60.8,21,0,366
Sun Jan 31 23:40:06 2016,60.8,21,0,376
Sun Jan 31 23:45:05 2016,60.8,21,0,365
Sun Jan 31 23:50:05 2016,60.8,21,0,365
Sun Jan 31 23:55:05 2016,60.8,21,0,366
Mon Feb  1 00:00:05 2016,60.8,21,0,361
Mon Feb  1 00:05:05 2016,60.8,21,0,374
Mon Feb  1 00:10:05 2016,60.8,21,0,362
Mon Feb  1 00:15:05 2016,60.8,21,0,366
Mon Feb  1 00:20:05 2016,60.8,21,0,364
Mon Feb  1 00:25:06 2016,60.8,21,0,366
Mon Feb  1 00:30:05 2016,60.8,21,0,375
Mon Feb  1 00:35:05 2016,60.8,21,0,356
Mon Feb  1 00:40:05 2016,60.8,21,0,366
Mon Feb  1 00:45:06 2016,60.8,21,0,367
Mon Feb  1 00:50:05 2016,60.8,21,0,361
Mon Feb  1 00:55:05 2016,60.8,21,0,377
Mon Feb  1 01:00:05 2016,60.8,21,0,366
Mon Feb  1 01:05:05 2016,60.8,21,0,366
Mon Feb  1 01:10:05 2016,60.8,21,0,366
Mon Feb  1 01:15:05 2016,60.8,21,0,365
Mon Feb  1 01:20:05 2016,60.8,21,0,367
Mon Feb  1 01:25:05 2016,60.8,21,0,367
Mon Feb  1 01:30:06 2016,60.8,21,0,366
Mon Feb  1 01:35:05 2016,60.8,21,0,366
Mon Feb  1 01:40:05 2016,60.8,21,0,367
Mon Feb  1 01:45:05 2016,60.8,21,0,378
Mon Feb  1 01:50:06 2016,60.8,21,0,355
Mon Feb  1 01:55:05 2016,60.8,20,0,367
Mon Feb  1 02:00:05 2016,60.8,21,0,364
Mon Feb  1 02:05:05 2016,60.8,21,0,367
Mon Feb  1 02:10:06 2016,60.8,21,0,359
Mon Feb  1 02:15:05 2016,60.8,21,0,367
Mon Feb  1 02:20:05 2016,60.8,21,0,375
Mon Feb  1 02:25:05 2016,60.8,21,0,358
Mon Feb  1 02:30:05 2016,60.8,20,0,376
Mon Feb  1 02:35:06 2016,60.8,21,0,379
Mon Feb  1 02:40:05 2016,60.8,20,0,368
Mon Feb  1 02:45:05 2016,60.8,20,0,368
Mon Feb  1 02:50:05 2016,60.8,21,0,369
Mon Feb  1 02:55:06 2016,60.8,20,0,376
Mon Feb  1 03:00:05 2016,60.8,21,0,366
Mon Feb  1 03:05:05 2016,60.8,20,0,367
Mon Feb  1 03:10:05 2016,60.8,20,0,367
Mon Feb  1 03:15:06 2016,60.8,20,0,376
Mon Feb  1 03:20:05 2016,60.8,21,0,368
Mon Feb  1 03:25:05 2016,60.8,20,0,368
Mon Feb  1 03:30:05 2016,60.8,20,0,368
Mon Feb  1 03:35:05 2016,60.8,20,0,369
Mon Feb  1 03:40:05 2016,60.8,20,0,368
Mon Feb  1 03:45:05 2016,60.8,21,0,369
Mon Feb  1 03:50:05 2016,60.8,21,0,372
Mon Feb  1 03:55:05 2016,60.8,20,0,360
Mon Feb  1 04:00:06 2016,60.8,20,0,361
Mon Feb  1 04:05:05 2016,60.8,20,0,376
Mon Feb  1 04:10:05 2016,60.8,20,0,368
Mon Feb  1 04:15:05 2016,60.8,20,0,380
Mon Feb  1 04:20:06 2016,60.8,20,0,380
Mon Feb  1 04:25:05 2016,60.8,20,0,368
Mon Feb  1 04:30:05 2016,60.8,20,0,369
Mon Feb  1 04:35:05 2016,60.8,21,0,371
Mon Feb  1 04:40:06 2016,60.8,20,0,367
Mon Feb  1 04:45:05 2016,60.8,20,0,368
Mon Feb  1 04:50:05 2016,60.8,20,0,369
Mon Feb  1 04:55:05 2016,60.8,20,0,368
Mon Feb  1 05:00:05 2016,60.8,20,0,369
Mon Feb  1 05:05:06 2016,60.8,20,0,369
Mon Feb  1 05:10:05 2016,60.8,20,0,360
Mon Feb  1 05:15:05 2016,60.8,20,0,360
Mon Feb  1 05:20:05 2016,60.8,20,0,357
Mon Feb  1 05:25:06 2016,60.8,20,0,369
Mon Feb  1 05:30:05 2016,60.8,20,0,377
Mon Feb  1 05:35:05 2016,60.8,20,0,369
Mon Feb  1 05:40:05 2016,60.8,20,0,369
Mon Feb  1 05:45:06 2016,60.8,20,0,369
Mon Feb  1 05:50:05 2016,60.8,20,0,369
Mon Feb  1 05:55:05 2016,60.8,20,0,380
Mon Feb  1 06:00:05 2016,60.8,20,0,369
Mon Feb  1 06:05:05 2016,60.8,20,0,368
Mon Feb  1 06:10:05 2016,60.8,20,0,369
Mon Feb  1 06:15:05 2016,60.8,20,0,378
Mon Feb  1 06:20:05 2016,62.6,19,0,369
Mon Feb  1 06:25:05 2016,60.8,20,0,369
Mon Feb  1 06:30:05 2016,60.8,20,0,380
Mon Feb  1 06:35:05 2016,62.6,19,137,369
Mon Feb  1 06:40:05 2016,60.8,20,260,369
Mon Feb  1 06:45:05 2016,60.8,20,452,370
Mon Feb  1 06:50:06 2016,62.6,19,653,370
Mon Feb  1 06:55:05 2016,60.8,20,650,379
Mon Feb  1 07:00:05 2016,62.6,19,660,369
Mon Feb  1 07:05:05 2016,62.6,19,657,368
Mon Feb  1 07:10:06 2016,62.6,19,636,365
Mon Feb  1 07:15:05 2016,62.6,19,647,369
Mon Feb  1 07:20:05 2016,62.6,19,635,357
Mon Feb  1 07:25:05 2016,62.6,19,632,376
Mon Feb  1 07:30:05 2016,62.6,19,631,361
Mon Feb  1 07:35:06 2016,62.6,19,645,368
Mon Feb  1 07:40:05 2016,62.6,19,630,361
Mon Feb  1 07:45:05 2016,62.6,19,642,369
Mon Feb  1 07:50:05 2016,62.6,19,641,368
Mon Feb  1 07:55:06 2016,62.6,19,640,368
Mon Feb  1 08:00:05 2016,62.6,19,633,374
Mon Feb  1 08:05:05 2016,62.6,19,640,367
Mon Feb  1 08:10:05 2016,62.6,19,630,356
Mon Feb  1 08:15:06 2016,62.6,19,628,359
Mon Feb  1 08:20:05 2016,62.6,19,640,368
Mon Feb  1 08:25:05 2016,62.6,19,634,365
Mon Feb  1 08:30:05 2016,62.6,19,640,368
Mon Feb  1 08:35:05 2016,62.6,19,628,362
Mon Feb  1 08:40:05 2016,62.6,19,628,376
Mon Feb  1 08:45:05 2016,62.6,19,638,368
Mon Feb  1 08:50:05 2016,62.6,19,637,368
Mon Feb  1 08:55:05 2016,62.6,19,630,369
Mon Feb  1 09:00:06 2016,62.6,19,628,357
Mon Feb  1 09:05:05 2016,62.6,19,635,368
Mon Feb  1 09:10:05 2016,62.6,19,644,369
Mon Feb  1 09:15:05 2016,62.6,19,643,368
Mon Feb  1 09:20:06 2016,62.6,19,638,369
Mon Feb  1 09:25:05 2016,62.6,19,639,369
Mon Feb  1 09:30:05 2016,62.6,19,644,368
Mon Feb  1 09:35:05 2016,62.6,19,631,377
Mon Feb  1 09:40:06 2016,62.6,19,638,369
Mon Feb  1 09:45:05 2016,62.6,19,634,362
Mon Feb  1 09:50:05 2016,62.6,19,644,369
Mon Feb  1 09:55:05 2016,62.6,19,647,369
Mon Feb  1 10:00:05 2016,62.6,19,642,367
Mon Feb  1 10:05:06 2016,62.6,19,639,370
Mon Feb  1 10:10:05 2016,62.6,19,643,368
Mon Feb  1 10:15:05 2016,62.6,19,648,368
Mon Feb  1 10:20:05 2016,62.6,19,634,358
Mon Feb  1 10:25:06 2016,62.6,19,633,376
Mon Feb  1 10:30:05 2016,62.6,19,634,357
Mon Feb  1 10:35:05 2016,62.6,19,635,371
Mon Feb  1 10:40:05 2016,62.6,19,633,381
Mon Feb  1 10:45:06 2016,62.6,19,643,368
Mon Feb  1 10:50:05 2016,62.6,19,646,369
Mon Feb  1 10:55:05 2016,62.6,19,632,378
Mon Feb  1 11:00:05 2016,62.6,19,636,357
Mon Feb  1 11:05:05 2016,62.6,19,647,369
Mon Feb  1 11:10:05 2016,62.6,19,646,369
Mon Feb  1 11:15:05 2016,62.6,19,633,359
Mon Feb  1 11:20:05 2016,62.6,19,636,370
Mon Feb  1 11:25:05 2016,62.6,19,638,371
Mon Feb  1 11:30:06 2016,62.6,19,632,381
Mon Feb  1 11:35:05 2016,62.6,19,639,370
Mon Feb  1 11:40:05 2016,62.6,19,630,360
Mon Feb  1 11:45:05 2016,62.6,19,631,378
Mon Feb  1 11:50:06 2016,62.6,19,645,370
Mon Feb  1 11:55:05 2016,62.6,19,639,369
Mon Feb  1 12:00:05 2016,62.6,19,628,362
Mon Feb  1 12:05:05 2016,62.6,19,644,370
Mon Feb  1 12:10:06 2016,62.6,19,637,369
Mon Feb  1 12:15:05 2016,62.6,19,635,362
Mon Feb  1 12:20:05 2016,62.6,19,632,366
Mon Feb  1 12:25:05 2016,62.6,19,645,371
Mon Feb  1 12:30:05 2016,62.6,19,629,361
Mon Feb  1 12:35:06 2016,62.6,19,638,370
Mon Feb  1 12:40:05 2016,62.6,19,628,382
Mon Feb  1 12:45:05 2016,62.6,19,634,368
Mon Feb  1 12:50:05 2016,62.6,19,634,372
Mon Feb  1 12:55:06 2016,62.6,19,635,361
Mon Feb  1 13:00:05 2016,62.6,19,628,363
Mon Feb  1 13:05:05 2016,62.6,19,637,370
Mon Feb  1 13:10:05 2016,62.6,19,627,379
Mon Feb  1 13:15:06 2016,62.6,19,632,368
Mon Feb  1 13:20:05 2016,62.6,19,632,373
Mon Feb  1 13:25:05 2016,62.6,19,629,384
Mon Feb  1 13:30:05 2016,62.6,19,629,361
Mon Feb  1 13:35:05 2016,62.6,19,630,378
Mon Feb  1 13:40:05 2016,62.6,19,634,368
Mon Feb  1 13:45:05 2016,62.6,19,634,363
Mon Feb  1 13:50:05 2016,62.6,19,637,373
Mon Feb  1 13:55:05 2016,62.6,19,638,373
Mon Feb  1 14:00:06 2016,62.6,19,628,379
Mon Feb  1 14:05:05 2016,62.6,19,635,373
Mon Feb  1 14:10:05 2016,62.6,19,632,368
Mon Feb  1 14:15:05 2016,62.6,19,634,374
Mon Feb  1 14:20:06 2016,62.6,19,629,380
Mon Feb  1 14:25:05 2016,62.6,19,634,363
Mon Feb  1 14:30:05 2016,62.6,19,630,380
Mon Feb  1 14:35:05 2016,62.6,19,631,375
Mon Feb  1 14:40:06 2016,62.6,19,630,385
Mon Feb  1 14:45:05 2016,62.6,19,633,374
Mon Feb  1 14:50:05 2016,62.6,19,643,374
Mon Feb  1 14:55:05 2016,62.6,19,643,374
Mon Feb  1 15:00:05 2016,62.6,19,628,386
Mon Feb  1 15:05:06 2016,62.6,19,639,374
Mon Feb  1 15:10:05 2016,62.6,19,641,374
Mon Feb  1 15:15:05 2016,62.6,19,641,374
Mon Feb  1 15:20:05 2016,60.8,20,638,375
Mon Feb  1 15:25:06 2016,62.6,19,638,374
Mon Feb  1 15:30:05 2016,62.6,19,638,375
Mon Feb  1 15:35:05 2016,62.6,19,624,364
Mon Feb  1 15:40:05 2016,62.6,19,629,387
Mon Feb  1 15:45:06 2016,62.6,19,625,364
Mon Feb  1 15:50:05 2016,60.8,20,626,384
Mon Feb  1 15:55:05 2016,62.6,19,638,375
Mon Feb  1 16:00:05 2016,62.6,19,627,384
Mon Feb  1 16:05:05 2016,62.6,19,631,372
Mon Feb  1 16:10:05 2016,62.6,19,631,363
Mon Feb  1 16:15:05 2016,62.6,19,631,364
Mon Feb  1 16:20:05 2016,62.6,19,629,377
Mon Feb  1 16:25:05 2016,60.8,20,641,375
Mon Feb  1 16:30:06 2016,60.8,20,642,376
Mon Feb  1 16:35:05 2016,62.6,19,628,364
Mon Feb  1 16:40:05 2016,62.6,19,634,376
Mon Feb  1 16:45:05 2016,62.6,19,632,384
Mon Feb  1 16:50:06 2016,60.8,20,626,382
Mon Feb  1 16:55:05 2016,60.8,20,634,376
Mon Feb  1 17:00:05 2016,60.8,20,353,380
Mon Feb  1 17:05:05 2016,62.6,19,343,377
Mon Feb  1 17:10:06 2016,60.8,20,347,368
Mon Feb  1 17:15:05 2016,60.8,20,344,387
Mon Feb  1 17:20:05 2016,60.8,20,355,380
Mon Feb  1 17:25:05 2016,60.8,20,356,381
Mon Feb  1 17:30:05 2016,60.8,20,359,381
Mon Feb  1 17:35:06 2016,60.8,20,353,372
Mon Feb  1 17:40:05 2016,62.6,19,360,381
Mon Feb  1 17:45:05 2016,60.8,20,358,382
Mon Feb  1 17:50:05 2016,60.8,20,0,370
Mon Feb  1 17:55:06 2016,60.8,20,0,395
Mon Feb  1 18:00:05 2016,60.8,20,0,383
Mon Feb  1 18:05:05 2016,60.8,20,0,384
Mon Feb  1 18:10:05 2016,60.8,20,0,383
Mon Feb  1 18:15:06 2016,60.8,20,0,392
Mon Feb  1 18:20:05 2016,60.8,20,0,383
Mon Feb  1 18:25:05 2016,60.8,20,0,383
Mon Feb  1 18:30:05 2016,60.8,20,0,381
Mon Feb  1 18:35:05 2016,60.8,20,0,384
Mon Feb  1 18:40:05 2016,60.8,20,0,383
Mon Feb  1 18:45:05 2016,60.8,20,0,397
Mon Feb  1 18:50:05 2016,60.8,20,0,394
Mon Feb  1 18:55:05 2016,60.8,20,0,382
Mon Feb  1 19:00:06 2016,60.8,20,0,372
Mon Feb  1 19:05:05 2016,60.8,20,0,372
Mon Feb  1 19:10:05 2016,60.8,20,0,385
Mon Feb  1 19:15:05 2016,60.8,20,0,372
Mon Feb  1 19:20:06 2016,60.8,20,0,380
Mon Feb  1 19:25:05 2016,60.8,20,0,386
Mon Feb  1 19:30:05 2016,60.8,20,0,386
Mon Feb  1 19:35:05 2016,60.8,20,0,386
Mon Feb  1 19:40:06 2016,60.8,20,0,386
Mon Feb  1 19:45:05 2016,60.8,20,0,379
Mon Feb  1 19:50:05 2016,60.8,20,0,386
Mon Feb  1 19:55:05 2016,60.8,20,0,385
Mon Feb  1 20:00:05 2016,60.8,20,0,387
Mon Feb  1 20:05:06 2016,60.8,20,0,387
Mon Feb  1 20:10:05 2016,60.8,20,0,399
Mon Feb  1 20:15:05 2016,60.8,20,0,383
Mon Feb  1 20:20:05 2016,60.8,20,0,387
Mon Feb  1 20:25:06 2016,60.8,20,0,388
Mon Feb  1 20:30:05 2016,60.8,20,0,386
Mon Feb  1 20:35:05 2016,60.8,20,0,387
Mon Feb  1 20:40:05 2016,60.8,20,0,393
Mon Feb  1 20:45:06 2016,60.8,20,0,379
Mon Feb  1 20:50:05 2016,60.8,20,0,388
Mon Feb  1 20:55:05 2016,60.8,20,0,388
Mon Feb  1 21:00:05 2016,60.8,20,0,388
Mon Feb  1 21:05:05 2016,60.8,20,0,388
Mon Feb  1 21:10:05 2016,60.8,20,0,388
Mon Feb  1 21:15:05 2016,60.8,20,0,388
Mon Feb  1 21:20:05 2016,60.8,20,0,389
Mon Feb  1 21:25:05 2016,60.8,20,0,399
Mon Feb  1 21:30:06 2016,60.8,20,0,389
Mon Feb  1 21:35:05 2016,60.8,20,0,389
Mon Feb  1 21:40:05 2016,60.8,20,0,389
Mon Feb  1 21:45:05 2016,60.8,20,0,389
Mon Feb  1 21:50:06 2016,62.6,19,0,389
Mon Feb  1 21:55:05 2016,60.8,20,0,389
Mon Feb  1 22:00:05 2016,60.8,20,0,376
Mon Feb  1 22:05:05 2016,60.8,20,0,398
Mon Feb  1 22:10:06 2016,60.8,20,0,389
Mon Feb  1 22:15:05 2016,60.8,20,0,389
Mon Feb  1 22:20:05 2016,60.8,20,0,382
Mon Feb  1 22:25:05 2016,60.8,20,0,399
Mon Feb  1 22:30:05 2016,60.8,20,0,403
Mon Feb  1 22:35:06 2016,60.8,20,0,390
Mon Feb  1 22:40:05 2016,60.8,20,0,389
Mon Feb  1 22:45:05 2016,60.8,20,0,386
Mon Feb  1 22:50:05 2016,60.8,20,0,402
Mon Feb  1 22:55:06 2016,60.8,20,0,393
Mon Feb  1 23:00:05 2016,60.8,20,0,400
Mon Feb  1 23:05:05 2016,60.8,20,0,391
Mon Feb  1 23:10:05 2016,60.8,20,0,399
Mon Feb  1 23:15:06 2016,60.8,20,0,390
Mon Feb  1 23:20:05 2016,60.8,20,0,391
Mon Feb  1 23:25:05 2016,60.8,20,0,392
Mon Feb  1 23:30:05 2016,60.8,20,0,392
Mon Feb  1 23:35:05 2016,60.8,20,0,400
Mon Feb  1 23:40:05 2016,60.8,20,0,391
Mon Feb  1 23:45:05 2016,60.8,20,0,399
Mon Feb  1 23:50:05 2016,60.8,20,0,385
Mon Feb  1 23:55:05 2016,60.8,20,0,384
Tue Feb  2 00:00:06 2016,60.8,20,0,393
Tue Feb  2 00:05:05 2016,60.8,20,0,393
Tue Feb  2 00:10:05 2016,60.8,20,0,381
Tue Feb  2 00:15:05 2016,59,20,0,390
Tue Feb  2 00:20:06 2016,59,20,0,385
Tue Feb  2 00:25:05 2016,60.8,20,0,390
Tue Feb  2 00:30:05 2016,60.8,20,0,381
Tue Feb  2 00:35:05 2016,60.8,20,0,401
Tue Feb  2 00:40:06 2016,60.8,20,0,383
Tue Feb  2 00:45:05 2016,59,20,0,394
Tue Feb  2 00:50:05 2016,59,20,0,395
Tue Feb  2 00:55:05 2016,59,20,0,395
Tue Feb  2 01:00:05 2016,59,20,0,395
Tue Feb  2 01:05:06 2016,60.8,20,0,394
Tue Feb  2 01:10:05 2016,60.8,20,0,396
Tue Feb  2 01:15:05 2016,59,20,0,396
Tue Feb  2 01:20:05 2016,59,20,0,409
Tue Feb  2 01:25:06 2016,59,20,0,396
Tue Feb  2 01:30:05 2016,60.8,20,0,396
Tue Feb  2 01:35:05 2016,60.8,20,0,407
Tue Feb  2 01:40:05 2016,60.8,20,0,396
Tue Feb  2 01:45:06 2016,59,20,0,410
Tue Feb  2 01:50:05 2016,60.8,20,0,383
Tue Feb  2 01:55:05 2016,60.8,20,0,410
Tue Feb  2 02:00:05 2016,60.8,20,0,397
Tue Feb  2 02:05:05 2016,60.8,20,0,388
Tue Feb  2 02:10:05 2016,60.8,20,0,397
Tue Feb  2 02:15:05 2016,60.8,20,0,410
Tue Feb  2 02:20:05 2016,60.8,20,0,411
Tue Feb  2 02:25:05 2016,60.8,20,0,395
Tue Feb  2 02:30:06 2016,60.8,20,0,397
Tue Feb  2 02:35:05 2016,60.8,20,0,399
Tue Feb  2 02:40:05 2016,60.8,20,0,384
Tue Feb  2 02:45:05 2016,60.8,20,0,384
Tue Feb  2 02:50:06 2016,60.8,20,0,390
Tue Feb  2 02:55:05 2016,60.8,20,0,398
Tue Feb  2 03:00:05 2016,60.8,20,0,398
Tue Feb  2 03:05:05 2016,60.8,20,0,410
Tue Feb  2 03:10:06 2016,60.8,20,0,407
Tue Feb  2 03:15:05 2016,60.8,20,0,391
Tue Feb  2 03:20:05 2016,60.8,20,0,399
Tue Feb  2 03:25:05 2016,60.8,20,0,385
Tue Feb  2 03:30:05 2016,60.8,20,0,409
Tue Feb  2 03:35:06 2016,60.8,20,0,388
Tue Feb  2 03:40:05 2016,60.8,20,0,399
Tue Feb  2 03:45:05 2016,60.8,20,0,402
Tue Feb  2 03:50:05 2016,60.8,20,0,393
Tue Feb  2 03:55:06 2016,60.8,20,0,400
Tue Feb  2 04:00:05 2016,60.8,20,0,414
Tue Feb  2 04:05:05 2016,60.8,20,0,400
Tue Feb  2 04:10:05 2016,60.8,20,0,401
Tue Feb  2 04:15:06 2016,60.8,20,0,389
Tue Feb  2 04:20:05 2016,60.8,20,0,409
Tue Feb  2 04:25:05 2016,60.8,20,0,387
Tue Feb  2 04:30:05 2016,60.8,20,0,407
Tue Feb  2 04:35:05 2016,60.8,20,0,401
Tue Feb  2 04:40:05 2016,60.8,20,0,399
Tue Feb  2 04:45:05 2016,60.8,20,0,399
Tue Feb  2 04:50:05 2016,60.8,20,0,401
Tue Feb  2 04:55:05 2016,60.8,20,0,411
Tue Feb  2 05:00:06 2016,62.6,19,0,389
Tue Feb  2 05:05:05 2016,60.8,20,0,407
Tue Feb  2 05:10:05 2016,60.8,20,0,401
Tue Feb  2 05:15:05 2016,60.8,20,0,402
Tue Feb  2 05:20:05 2016,60.8,20,0,401
Tue Feb  2 05:25:05 2016,62.6,19,0,394
Tue Feb  2 05:30:05 2016,60.8,20,0,401
Tue Feb  2 05:35:05 2016,62.6,19,0,389
Tue Feb  2 05:40:05 2016,62.6,19,0,399
Tue Feb  2 05:45:05 2016,60.8,20,0,415
Tue Feb  2 05:50:05 2016,62.6,19,0,393
Tue Feb  2 05:55:05 2016,60.8,20,0,402
Tue Feb  2 06:00:05 2016,62.6,19,0,402
Tue Feb  2 06:05:06 2016,62.6,19,0,388
Tue Feb  2 06:10:05 2016,60.8,20,0,402
Tue Feb  2 06:15:05 2016,62.6,19,0,397
Tue Feb  2 06:20:06 2016,60.8,20,0,395
Tue Feb  2 06:25:05 2016,62.6,19,0,416
Tue Feb  2 06:30:05 2016,62.6,19,0,402
Tue Feb  2 06:35:05 2016,60.8,20,0,403
Tue Feb  2 06:40:06 2016,62.6,19,0,408
Tue Feb  2 06:45:05 2016,62.6,19,202,403
Tue Feb  2 06:50:05 2016,62.6,19,363,403
Tue Feb  2 06:55:05 2016,62.6,19,366,403
Tue Feb  2 07:00:05 2016,62.6,19,365,401
Tue Feb  2 07:05:05 2016,62.6,19,371,403
Tue Feb  2 07:10:05 2016,62.6,19,360,395
Tue Feb  2 07:15:05 2016,62.6,19,360,414
Tue Feb  2 07:20:05 2016,62.6,19,369,403
Tue Feb  2 07:25:05 2016,62.6,19,368,402
Tue Feb  2 07:30:05 2016,62.6,19,365,402
Tue Feb  2 07:35:05 2016,62.6,19,366,403
Tue Feb  2 07:40:05 2016,62.6,19,369,403
Tue Feb  2 07:45:05 2016,62.6,19,367,403
Tue Feb  2 07:50:05 2016,62.6,19,363,403
Tue Feb  2 07:55:05 2016,62.6,19,358,411
Tue Feb  2 08:00:05 2016,62.6,19,360,394
Tue Feb  2 08:05:05 2016,62.6,19,359,404
Tue Feb  2 08:10:06 2016,62.6,19,365,389
Tue Feb  2 08:15:05 2016,62.6,19,365,403
Tue Feb  2 08:20:05 2016,62.6,19,356,410
Tue Feb  2 08:25:05 2016,62.6,19,366,403
Tue Feb  2 08:30:05 2016,62.6,19,360,415
Tue Feb  2 08:35:06 2016,62.6,19,366,402
Tue Feb  2 08:40:05 2016,62.6,19,362,403
Tue Feb  2 08:45:05 2016,62.6,19,357,396
Tue Feb  2 08:50:05 2016,62.6,19,357,392
Tue Feb  2 08:55:06 2016,62.6,19,360,400
Tue Feb  2 09:00:05 2016,62.6,19,361,402
Tue Feb  2 09:05:05 2016,62.6,19,366,403
Tue Feb  2 09:10:05 2016,62.6,19,366,402
Tue Feb  2 09:15:06 2016,62.6,19,366,403
Tue Feb  2 09:20:05 2016,62.6,19,365,403
Tue Feb  2 09:25:05 2016,62.6,19,367,403
Tue Feb  2 09:30:05 2016,62.6,19,366,410
Tue Feb  2 09:35:05 2016,62.6,19,366,403
Tue Feb  2 09:40:05 2016,62.6,19,364,403
Tue Feb  2 09:45:05 2016,62.6,19,364,403
Tue Feb  2 09:50:05 2016,62.6,19,365,395
Tue Feb  2 09:55:05 2016,62.6,19,369,403
Tue Feb  2 10:00:06 2016,62.6,19,372,403
Tue Feb  2 10:05:05 2016,62.6,19,367,403
Tue Feb  2 10:10:05 2016,62.6,19,363,389
Tue Feb  2 10:15:05 2016,62.6,19,369,390
Tue Feb  2 10:20:06 2016,62.6,19,371,404
Tue Feb  2 10:25:05 2016,62.6,19,370,403
Tue Feb  2 10:30:05 2016,62.6,19,372,403
Tue Feb  2 10:35:05 2016,62.6,19,367,390
Tue Feb  2 10:40:06 2016,62.6,19,375,404
Tue Feb  2 10:45:05 2016,62.6,19,373,404
Tue Feb  2 10:50:05 2016,62.6,19,372,404
Tue Feb  2 10:55:05 2016,62.6,19,367,391
Tue Feb  2 11:00:05 2016,62.6,19,372,404
Tue Feb  2 11:05:06 2016,62.6,19,370,404
Tue Feb  2 11:10:05 2016,62.6,19,367,390
Tue Feb  2 11:15:05 2016,62.6,19,370,404
Tue Feb  2 11:20:05 2016,62.6,19,361,399
Tue Feb  2 11:25:06 2016,62.6,19,364,400
Tue Feb  2 11:30:05 2016,62.6,19,372,405
Tue Feb  2 11:35:05 2016,62.6,19,370,405
Tue Feb  2 11:40:05 2016,62.6,19,369,404
Tue Feb  2 11:45:06 2016,62.6,19,373,406
Tue Feb  2 11:50:05 2016,62.6,19,372,405
Tue Feb  2 11:55:05 2016,62.6,19,369,406
Tue Feb  2 12:00:05 2016,62.6,19,368,407
Tue Feb  2 12:05:05 2016,62.6,19,374,406
Tue Feb  2 12:10:05 2016,62.6,19,372,404
Tue Feb  2 12:15:05 2016,62.6,19,377,406
Tue Feb  2 12:20:05 2016,62.6,19,375,406
Tue Feb  2 12:25:05 2016,62.6,19,371,399
Tue Feb  2 12:30:06 2016,62.6,19,372,392
Tue Feb  2 12:35:05 2016,62.6,19,368,394
Tue Feb  2 12:40:05 2016,62.6,19,377,406
Tue Feb  2 12:45:05 2016,62.6,19,371,395
Tue Feb  2 12:50:06 2016,62.6,19,376,406
Tue Feb  2 12:55:05 2016,62.6,19,378,407
Tue Feb  2 13:00:05 2016,62.6,19,369,396
Tue Feb  2 13:05:05 2016,62.6,19,382,407
Tue Feb  2 13:10:06 2016,62.6,19,378,407
Tue Feb  2 13:15:05 2016,62.6,19,376,406
Tue Feb  2 13:20:05 2016,62.6,19,375,407
Tue Feb  2 13:25:05 2016,62.6,19,365,398
Tue Feb  2 13:30:05 2016,62.6,19,366,416
Tue Feb  2 13:35:06 2016,62.6,19,374,407
Tue Feb  2 13:40:05 2016,62.6,19,370,407
Tue Feb  2 13:45:05 2016,62.6,19,372,406
Tue Feb  2 13:50:05 2016,62.6,19,368,401
Tue Feb  2 13:55:06 2016,62.6,19,377,408
Tue Feb  2 14:00:05 2016,62.6,19,367,410
Tue Feb  2 14:05:05 2016,62.6,19,371,407
Tue Feb  2 14:10:05 2016,62.6,19,371,407
Tue Feb  2 14:15:06 2016,60.8,20,371,408
Tue Feb  2 14:20:05 2016,60.8,20,368,394
Tue Feb  2 14:25:05 2016,60.8,20,371,408
Tue Feb  2 14:30:05 2016,62.6,19,371,408
Tue Feb  2 14:35:05 2016,62.6,19,367,409
Tue Feb  2 14:40:05 2016,60.8,20,362,396
Tue Feb  2 14:45:05 2016,60.8,20,369,409
Tue Feb  2 14:50:05 2016,60.8,20,363,257
Tue Feb  2 14:55:05 2016,60.8,20,367,260
Tue Feb  2 15:00:06 2016,60.8,21,371,262
Tue Feb  2 15:05:05 2016,60.8,23,370,264
Tue Feb  2 15:10:05 2016,60.8,24,370,266
Tue Feb  2 15:15:05 2016,60.8,24,372,267
Tue Feb  2 15:20:06 2016,60.8,24,374,268
Tue Feb  2 15:25:05 2016,60.8,24,377,270
Tue Feb  2 15:30:05 2016,60.8,26,372,274
Tue Feb  2 15:35:05 2016,60.8,25,366,274
Tue Feb  2 15:40:06 2016,60.8,26,372,273
Tue Feb  2 15:45:05 2016,60.8,25,374,274
Tue Feb  2 15:50:05 2016,60.8,24,373,275
Tue Feb  2 15:55:05 2016,60.8,24,365,273
Tue Feb  2 16:00:05 2016,60.8,26,366,273
Tue Feb  2 16:05:06 2016,60.8,24,366,281
Tue Feb  2 16:10:05 2016,60.8,24,367,278
Tue Feb  2 16:15:05 2016,60.8,24,369,279
Tue Feb  2 16:20:05 2016,60.8,24,367,275
Tue Feb  2 16:25:06 2016,60.8,24,369,280
Tue Feb  2 16:30:05 2016,60.8,24,366,285
Tue Feb  2 16:35:05 2016,60.8,24,362,282
Tue Feb  2 16:40:05 2016,60.8,24,361,286
Tue Feb  2 16:45:06 2016,60.8,23,370,282
Tue Feb  2 16:50:05 2016,60.8,23,364,283
Tue Feb  2 16:55:05 2016,60.8,24,367,278
Tue Feb  2 17:00:05 2016,60.8,24,371,283
Tue Feb  2 17:05:05 2016,60.8,24,362,288
Tue Feb  2 17:10:05 2016,60.8,24,370,286
Tue Feb  2 17:15:05 2016,60.8,23,401,283
Tue Feb  2 17:20:05 2016,60.8,23,364,285
Tue Feb  2 17:25:05 2016,60.8,23,361,289
Tue Feb  2 17:30:06 2016,60.8,23,369,288
Tue Feb  2 17:35:05 2016,60.8,23,366,287
Tue Feb  2 17:40:05 2016,60.8,24,365,283
Tue Feb  2 17:45:05 2016,59,23,365,284
Tue Feb  2 17:50:06 2016,59,23,0,288
Tue Feb  2 17:55:05 2016,59,23,0,291
Tue Feb  2 18:00:05 2016,59,23,0,290
Tue Feb  2 18:05:05 2016,59,23,0,286
Tue Feb  2 18:10:06 2016,59,23,0,291
Tue Feb  2 18:15:05 2016,59,23,0,291
Tue Feb  2 18:20:05 2016,59,23,0,293
Tue Feb  2 18:25:05 2016,59,23,0,294
Tue Feb  2 18:30:05 2016,59,23,0,290
Tue Feb  2 18:35:06 2016,59,23,0,295
Tue Feb  2 18:40:05 2016,59,23,0,295
Tue Feb  2 18:45:05 2016,59,23,0,291
Tue Feb  2 18:50:05 2016,59,23,0,290
Tue Feb  2 18:55:06 2016,59,21,0,297
Tue Feb  2 19:00:05 2016,59,23,0,300
Tue Feb  2 19:05:05 2016,59,23,0,297
Tue Feb  2 19:10:05 2016,59,23,0,292
Tue Feb  2 19:15:06 2016,59,22,0,298
Tue Feb  2 19:20:05 2016,59,23,0,296
Tue Feb  2 19:25:05 2016,59,22,0,297
Tue Feb  2 19:30:05 2016,59,23,0,299
Tue Feb  2 19:35:05 2016,59,23,0,300
Tue Feb  2 19:40:05 2016,57.2,24,0,305
Tue Feb  2 19:45:05 2016,57.2,22,0,300
Tue Feb  2 19:50:05 2016,57.2,24,0,297
Tue Feb  2 19:55:05 2016,57.2,22,0,301
Tue Feb  2 20:00:06 2016,57.2,22,0,298
Tue Feb  2 20:05:05 2016,57.2,22,0,307
Tue Feb  2 20:10:05 2016,57.2,22,0,302
Tue Feb  2 20:15:05 2016,57.2,22,0,303
Tue Feb  2 20:20:06 2016,57.2,24,0,308
Tue Feb  2 20:25:05 2016,57.2,21,0,302
Tue Feb  2 20:30:05 2016,57.2,22,0,302
Tue Feb  2 20:35:05 2016,57.2,22,0,304
Tue Feb  2 20:40:06 2016,57.2,22,0,303
Tue Feb  2 20:45:05 2016,57.2,21,0,305
Tue Feb  2 20:50:05 2016,57.2,22,0,307
Tue Feb  2 20:55:05 2016,57.2,22,0,303
Tue Feb  2 21:00:05 2016,57.2,22,0,306
Tue Feb  2 21:05:06 2016,57.2,21,0,305
Tue Feb  2 21:10:05 2016,57.2,21,0,307
Tue Feb  2 21:15:05 2016,57.2,21,0,307
Tue Feb  2 21:20:05 2016,57.2,21,0,307
Tue Feb  2 21:25:06 2016,57.2,21,0,303
Tue Feb  2 21:30:05 2016,57.2,21,0,307
Tue Feb  2 21:35:05 2016,57.2,21,0,304
Tue Feb  2 21:40:05 2016,57.2,21,0,314
Tue Feb  2 21:45:06 2016,57.2,21,0,309
Tue Feb  2 21:50:05 2016,57.2,21,0,305
Tue Feb  2 21:55:05 2016,57.2,21,0,310
Tue Feb  2 22:00:05 2016,57.2,21,0,309
Tue Feb  2 22:05:05 2016,57.2,21,0,315
Tue Feb  2 22:10:05 2016,57.2,21,0,311
Tue Feb  2 22:15:05 2016,57.2,21,0,311
Tue Feb  2 22:20:05 2016,57.2,21,0,312
Tue Feb  2 22:25:05 2016,57.2,21,0,312
Tue Feb  2 22:30:06 2016,57.2,21,0,307
Tue Feb  2 22:35:05 2016,57.2,21,0,313
Tue Feb  2 22:40:05 2016,57.2,21,0,318
Tue Feb  2 22:45:05 2016,57.2,21,0,310
Tue Feb  2 22:50:05 2016,57.2,21,0,314
Tue Feb  2 22:55:05 2016,57.2,21,0,310
Tue Feb  2 23:00:05 2016,57.2,21,0,317
Tue Feb  2 23:05:05 2016,57.2,21,0,314
Tue Feb  2 23:10:06 2016,57.2,21,0,320
Tue Feb  2 23:15:05 2016,57.2,21,0,322
Tue Feb  2 23:20:05 2016,57.2,21,0,322
Tue Feb  2 23:25:05 2016,57.2,21,0,314
Tue Feb  2 23:30:05 2016,57.2,21,0,322
Tue Feb  2 23:35:06 2016,57.2,21,0,315
Tue Feb  2 23:40:05 2016,57.2,21,0,317
Tue Feb  2 23:45:05 2016,57.2,21,0,323
Tue Feb  2 23:50:05 2016,57.2,21,0,328
Tue Feb  2 23:55:06 2016,57.2,21,0,325
Wed Feb  3 00:00:05 2016,57.2,21,0,317
Wed Feb  3 00:05:05 2016,57.2,21,0,325
Wed Feb  3 00:10:05 2016,57.2,21,0,329
Wed Feb  3 00:15:06 2016,57.2,21,0,326
Wed Feb  3 00:20:05 2016,57.2,21,0,326
Wed Feb  3 00:25:05 2016,57.2,21,0,327
Wed Feb  3 00:30:05 2016,57.2,21,0,327
Wed Feb  3 00:35:05 2016,57.2,21,0,333
Wed Feb  3 00:40:05 2016,57.2,21,0,328
Wed Feb  3 00:45:05 2016,57.2,21,0,328
Wed Feb  3 00:50:05 2016,57.2,21,0,322
Wed Feb  3 00:55:05 2016,57.2,21,0,336
Wed Feb  3 01:00:06 2016,57.2,21,0,329
Wed Feb  3 01:05:05 2016,57.2,21,0,329
Wed Feb  3 01:10:05 2016,59,20,0,329
Wed Feb  3 01:15:05 2016,57.2,21,0,323
Wed Feb  3 01:20:05 2016,59,20,0,337
Wed Feb  3 01:25:05 2016,59,20,0,331
Wed Feb  3 01:30:05 2016,59,20,0,337
Wed Feb  3 01:35:05 2016,59,20,0,336
Wed Feb  3 01:40:05 2016,59,20,0,333
Wed Feb  3 01:45:05 2016,59,20,0,338
Wed Feb  3 01:50:05 2016,59,20,0,337
Wed Feb  3 01:55:05 2016,59,20,0,333
Wed Feb  3 02:00:05 2016,59,20,0,333
Wed Feb  3 02:05:06 2016,59,20,0,331
Wed Feb  3 02:10:05 2016,59,20,0,340
Wed Feb  3 02:15:05 2016,59,20,0,334
Wed Feb  3 02:20:06 2016,59,20,0,334
Wed Feb  3 02:25:05 2016,59,20,0,334
Wed Feb  3 02:30:05 2016,59,20,0,334
Wed Feb  3 02:35:05 2016,59,20,0,334
Wed Feb  3 02:40:06 2016,59,20,0,328
Wed Feb  3 02:45:05 2016,59,20,0,331
Wed Feb  3 02:50:05 2016,59,20,0,335
Wed Feb  3 02:55:05 2016,59,20,0,336
Wed Feb  3 03:00:05 2016,59,20,0,328
Wed Feb  3 03:05:05 2016,59,20,0,336
Wed Feb  3 03:10:05 2016,59,20,0,336
Wed Feb  3 03:15:05 2016,60.8,20,0,336
Wed Feb  3 03:20:05 2016,59,20,0,344
Wed Feb  3 03:25:05 2016,59,20,0,344
Wed Feb  3 03:30:05 2016,59,20,0,341
Wed Feb  3 03:35:05 2016,59,20,0,345
Wed Feb  3 03:40:05 2016,60.8,20,0,339
Wed Feb  3 03:45:05 2016,59,20,0,346
Wed Feb  3 03:50:05 2016,60.8,20,0,346
Wed Feb  3 03:55:05 2016,59,20,0,346
Wed Feb  3 04:00:05 2016,60.8,20,0,346
Wed Feb  3 04:05:05 2016,60.8,20,0,347
Wed Feb  3 04:10:06 2016,60.8,20,0,353
Wed Feb  3 04:15:05 2016,60.8,20,0,355
Wed Feb  3 04:20:05 2016,60.8,20,0,343
Wed Feb  3 04:25:05 2016,60.8,20,0,342
Wed Feb  3 04:30:05 2016,60.8,20,0,355
Wed Feb  3 04:35:06 2016,60.8,20,0,346
Wed Feb  3 04:40:05 2016,60.8,20,0,352
Wed Feb  3 04:45:05 2016,60.8,20,0,351
Wed Feb  3 04:50:05 2016,60.8,20,0,353
Wed Feb  3 04:55:06 2016,60.8,20,0,353
Wed Feb  3 05:00:05 2016,60.8,20,0,353
Wed Feb  3 05:05:05 2016,60.8,20,0,354
Wed Feb  3 05:10:05 2016,60.8,20,0,354
Wed Feb  3 05:15:06 2016,60.8,20,0,350
Wed Feb  3 05:20:05 2016,60.8,20,0,355
Wed Feb  3 05:25:05 2016,60.8,20,0,361
Wed Feb  3 05:30:05 2016,60.8,20,0,355
Wed Feb  3 05:35:05 2016,60.8,20,0,348
Wed Feb  3 05:40:05 2016,60.8,20,0,363
Wed Feb  3 05:45:05 2016,60.8,20,0,356
Wed Feb  3 05:50:05 2016,60.8,20,0,352
Wed Feb  3 05:55:05 2016,60.8,20,0,357
Wed Feb  3 06:00:06 2016,60.8,20,0,357
Wed Feb  3 06:05:05 2016,60.8,20,0,364
Wed Feb  3 06:10:05 2016,60.8,20,0,358
Wed Feb  3 06:15:05 2016,60.8,20,0,356
Wed Feb  3 06:20:06 2016,60.8,20,0,359
Wed Feb  3 06:25:05 2016,60.8,20,0,355
Wed Feb  3 06:30:05 2016,60.8,20,0,365
Wed Feb  3 06:35:05 2016,60.8,20,0,358
Wed Feb  3 06:40:06 2016,60.8,20,0,358
Wed Feb  3 06:45:05 2016,60.8,20,200,361
Wed Feb  3 06:50:05 2016,60.8,20,376,361
Wed Feb  3 06:55:05 2016,62.6,19,384,361
Wed Feb  3 07:00:05 2016,62.6,19,375,368
Wed Feb  3 07:05:06 2016,62.6,19,385,362
Wed Feb  3 07:10:05 2016,62.6,19,385,362
Wed Feb  3 07:15:05 2016,62.6,19,383,362
Wed Feb  3 07:20:05 2016,62.6,19,383,362
Wed Feb  3 07:25:06 2016,62.6,19,375,369
Wed Feb  3 07:30:05 2016,62.6,19,386,363
Wed Feb  3 07:35:05 2016,62.6,19,377,356
Wed Feb  3 07:40:06 2016,62.6,19,374,358
Wed Feb  3 07:45:05 2016,62.6,19,380,356
Wed Feb  3 07:50:05 2016,62.6,19,381,364
Wed Feb  3 07:55:05 2016,62.6,19,373,361
Wed Feb  3 08:00:05 2016,62.6,19,379,373
Wed Feb  3 08:05:05 2016,62.6,19,382,365
Wed Feb  3 08:10:05 2016,62.6,19,382,361
Wed Feb  3 08:15:05 2016,62.6,19,377,364
Wed Feb  3 08:20:05 2016,62.6,19,386,366
Wed Feb  3 08:25:05 2016,62.6,19,381,366
Wed Feb  3 08:30:05 2016,62.6,19,383,367
Wed Feb  3 08:35:05 2016,62.6,19,385,368
Wed Feb  3 08:40:05 2016,62.6,19,385,369
Wed Feb  3 08:45:05 2016,62.6,19,386,369
Wed Feb  3 08:50:05 2016,62.6,19,383,362
Wed Feb  3 08:55:05 2016,62.6,19,386,370
Wed Feb  3 09:00:05 2016,62.6,19,382,378
Wed Feb  3 09:05:05 2016,62.6,19,384,377
Wed Feb  3 09:10:05 2016,62.6,19,389,370
Wed Feb  3 09:15:05 2016,62.6,19,382,370
Wed Feb  3 09:20:05 2016,62.6,19,386,371
Wed Feb  3 09:25:05 2016,62.6,19,384,368
Wed Feb  3 09:30:05 2016,62.6,19,390,372
Wed Feb  3 09:35:05 2016,62.6,19,383,366
Wed Feb  3 09:40:05 2016,62.6,19,384,369
Wed Feb  3 09:45:05 2016,62.6,19,387,378
Wed Feb  3 09:50:05 2016,62.6,19,399,372
Wed Feb  3 09:55:05 2016,62.6,19,402,372
Wed Feb  3 10:00:05 2016,62.6,19,397,379
Wed Feb  3 10:05:05 2016,62.6,19,403,373
Wed Feb  3 10:10:05 2016,62.6,19,402,373
Wed Feb  3 10:15:06 2016,62.6,19,399,381
Wed Feb  3 10:20:05 2016,62.6,19,407,373
Wed Feb  3 10:25:05 2016,62.6,19,404,373
Wed Feb  3 10:30:05 2016,62.6,19,401,373
Wed Feb  3 10:35:05 2016,62.6,19,391,381
Wed Feb  3 10:40:05 2016,62.6,19,395,372
Wed Feb  3 10:45:05 2016,62.6,19,396,379
Wed Feb  3 10:50:05 2016,62.6,19,401,366
Wed Feb  3 10:55:05 2016,62.6,19,404,382
Wed Feb  3 11:00:06 2016,62.6,19,397,382
Wed Feb  3 11:05:05 2016,62.6,19,398,374
Wed Feb  3 11:10:05 2016,62.6,19,400,374
Wed Feb  3 11:15:05 2016,62.6,19,428,380
Wed Feb  3 11:20:06 2016,62.6,19,465,375
Wed Feb  3 11:25:05 2016,62.6,19,548,375
Wed Feb  3 11:30:05 2016,62.6,19,586,375
Wed Feb  3 11:35:05 2016,62.6,19,591,374
Wed Feb  3 11:40:06 2016,62.6,19,561,380
Wed Feb  3 11:45:05 2016,62.6,19,544,384
Wed Feb  3 11:50:05 2016,62.6,19,507,383
Wed Feb  3 11:55:05 2016,62.6,19,548,384
Wed Feb  3 12:00:05 2016,62.6,19,560,371
Wed Feb  3 12:05:06 2016,62.6,19,553,377
Wed Feb  3 12:10:05 2016,62.6,19,524,373
Wed Feb  3 12:15:05 2016,62.6,19,485,377
Wed Feb  3 12:20:05 2016,62.6,19,438,375
Wed Feb  3 12:25:06 2016,62.6,19,412,385
Wed Feb  3 12:30:05 2016,62.6,19,392,384
Wed Feb  3 12:35:05 2016,62.6,19,406,377
Wed Feb  3 12:40:05 2016,62.6,19,432,369
Wed Feb  3 12:45:05 2016,62.6,19,453,378
Wed Feb  3 12:50:05 2016,62.6,19,459,369
Wed Feb  3 12:55:05 2016,62.6,19,496,378
Wed Feb  3 13:00:05 2016,60.8,20,482,378
Wed Feb  3 13:05:05 2016,60.8,20,508,379
Wed Feb  3 13:10:06 2016,60.8,20,490,376
Wed Feb  3 13:15:05 2016,60.8,20,439,379
Wed Feb  3 13:20:05 2016,60.8,20,440,381
Wed Feb  3 13:25:05 2016,60.8,20,460,379
Wed Feb  3 13:30:05 2016,60.8,20,445,388
Wed Feb  3 13:35:06 2016,60.8,20,437,380
Wed Feb  3 13:40:05 2016,60.8,20,390,371
Wed Feb  3 13:45:05 2016,60.8,20,391,380
Wed Feb  3 13:50:05 2016,60.8,20,395,381
Wed Feb  3 13:55:05 2016,60.8,20,403,379
Wed Feb  3 14:00:05 2016,60.8,20,423,386
Wed Feb  3 14:05:05 2016,60.8,20,422,381
Wed Feb  3 14:10:05 2016,60.8,20,419,381
Wed Feb  3 14:15:05 2016,60.8,20,419,382
Wed Feb  3 14:20:05 2016,60.8,20,422,380
Wed Feb  3 14:25:05 2016,60.8,20,413,380
Wed Feb  3 14:30:05 2016,60.8,20,394,382
Wed Feb  3 14:35:05 2016,60.8,20,387,381
Wed Feb  3 14:40:05 2016,60.8,20,384,389
Wed Feb  3 14:45:05 2016,60.8,20,385,383
Wed Feb  3 14:50:05 2016,60.8,20,387,383
Wed Feb  3 14:55:05 2016,60.8,20,375,379
Wed Feb  3 15:00:05 2016,60.8,20,374,375
Wed Feb  3 15:05:06 2016,60.8,20,374,389
Wed Feb  3 15:10:05 2016,60.8,20,383,384
Wed Feb  3 15:15:05 2016,59,20,373,376
Wed Feb  3 15:20:06 2016,59,20,382,385
Wed Feb  3 15:25:05 2016,59,20,387,385
Wed Feb  3 15:30:05 2016,60.8,20,386,385
Wed Feb  3 15:35:05 2016,60.8,20,385,385
Wed Feb  3 15:40:05 2016,60.8,20,381,386
Wed Feb  3 15:45:05 2016,60.8,20,377,385
Wed Feb  3 15:50:05 2016,60.8,20,371,377
Wed Feb  3 15:55:05 2016,60.8,20,374,384
Wed Feb  3 16:00:05 2016,60.8,20,372,396
Wed Feb  3 16:05:05 2016,60.8,20,381,386
Wed Feb  3 16:10:05 2016,59,20,381,386
Wed Feb  3 16:15:05 2016,59,20,378,379
Wed Feb  3 16:20:05 2016,60.8,20,373,380
Wed Feb  3 16:25:05 2016,60.8,20,441,388
Wed Feb  3 16:30:06 2016,60.8,20,440,397
Wed Feb  3 16:35:05 2016,60.8,20,438,397
Wed Feb  3 16:40:05 2016,60.8,20,440,388
Wed Feb  3 16:45:05 2016,60.8,20,431,394
Wed Feb  3 16:50:06 2016,60.8,20,379,388
Wed Feb  3 16:55:05 2016,60.8,20,373,398
Wed Feb  3 17:00:05 2016,60.8,20,369,394
Wed Feb  3 17:05:05 2016,60.8,20,375,397
Wed Feb  3 17:10:06 2016,60.8,20,370,389
Wed Feb  3 17:15:05 2016,60.8,20,374,388
Wed Feb  3 17:20:05 2016,60.8,20,373,380
Wed Feb  3 17:25:05 2016,60.8,20,366,384
Wed Feb  3 17:30:05 2016,60.8,20,371,399
Wed Feb  3 17:35:05 2016,60.8,20,374,399
Wed Feb  3 17:40:05 2016,60.8,20,372,390
Wed Feb  3 17:45:05 2016,60.8,20,368,384
Wed Feb  3 17:50:05 2016,62.6,19,0,391
Wed Feb  3 17:55:05 2016,60.8,20,0,387
Wed Feb  3 18:00:06 2016,60.8,20,0,391
Wed Feb  3 18:05:05 2016,60.8,20,0,397
Wed Feb  3 18:10:05 2016,60.8,20,0,391
Wed Feb  3 18:15:05 2016,60.8,20,0,385
Wed Feb  3 18:20:05 2016,60.8,20,0,392
Wed Feb  3 18:25:05 2016,60.8,20,0,402
Wed Feb  3 18:30:05 2016,60.8,20,0,387
Wed Feb  3 18:35:05 2016,60.8,20,0,406
Wed Feb  3 18:40:05 2016,60.8,20,0,397
Wed Feb  3 18:45:05 2016,60.8,20,0,406
Wed Feb  3 18:50:05 2016,60.8,20,0,397
Wed Feb  3 18:55:05 2016,60.8,20,0,398
Wed Feb  3 19:00:05 2016,60.8,20,0,398
Wed Feb  3 19:05:06 2016,62.6,19,0,398
Wed Feb  3 19:10:05 2016,60.8,20,0,398
Wed Feb  3 19:15:05 2016,62.6,19,0,399
Wed Feb  3 19:20:06 2016,60.8,20,0,399
Wed Feb  3 19:25:05 2016,62.6,19,0,389
Wed Feb  3 19:30:05 2016,60.8,20,0,396
Wed Feb  3 19:35:05 2016,62.6,19,0,391
Wed Feb  3 19:40:06 2016,60.8,20,0,398
Wed Feb  3 19:45:05 2016,62.6,19,0,400
Wed Feb  3 19:50:05 2016,62.6,19,0,399
Wed Feb  3 19:55:05 2016,62.6,19,0,400
Wed Feb  3 20:00:05 2016,62.6,19,0,398
Wed Feb  3 20:05:05 2016,62.6,19,0,406
Wed Feb  3 20:10:05 2016,62.6,19,0,400
Wed Feb  3 20:15:05 2016,62.6,19,0,401
Wed Feb  3 20:20:05 2016,62.6,19,0,403
Wed Feb  3 20:25:05 2016,62.6,19,0,402
Wed Feb  3 20:30:05 2016,62.6,19,0,411
Wed Feb  3 20:35:05 2016,62.6,19,0,412
Wed Feb  3 20:40:05 2016,62.6,19,0,403
Wed Feb  3 20:45:05 2016,60.8,20,0,393
Wed Feb  3 20:50:05 2016,62.6,19,0,403
Wed Feb  3 20:55:05 2016,62.6,19,0,403
Wed Feb  3 21:00:05 2016,62.6,19,0,396
Wed Feb  3 21:05:05 2016,62.6,19,0,404
Wed Feb  3 21:10:05 2016,62.6,19,0,404
Wed Feb  3 21:15:05 2016,62.6,19,0,405
Wed Feb  3 21:20:05 2016,60.8,20,0,412
Wed Feb  3 21:25:05 2016,62.6,19,0,413
Wed Feb  3 21:30:05 2016,60.8,20,0,404
Wed Feb  3 21:35:05 2016,60.8,20,0,404
Wed Feb  3 21:40:05 2016,62.6,19,0,403
Wed Feb  3 21:45:05 2016,60.8,20,0,403
Wed Feb  3 21:50:05 2016,60.8,20,0,411
Wed Feb  3 21:55:05 2016,60.8,20,0,403
Wed Feb  3 22:00:05 2016,60.8,20,0,404
Wed Feb  3 22:05:05 2016,60.8,20,0,409
Wed Feb  3 22:10:05 2016,60.8,20,0,396
Wed Feb  3 22:15:06 2016,60.8,20,0,399
Wed Feb  3 22:20:05 2016,60.8,20,0,403
Wed Feb  3 22:25:05 2016,60.8,20,0,413
Wed Feb  3 22:30:05 2016,60.8,20,0,402
Wed Feb  3 22:35:05 2016,60.8,20,0,398
Wed Feb  3 22:40:05 2016,60.8,20,0,406
Wed Feb  3 22:45:05 2016,59,20,0,406
Wed Feb  3 22:50:05 2016,59,20,0,407
Wed Feb  3 22:55:05 2016,59,20,0,408
Wed Feb  3 23:00:06 2016,59,20,0,403
Wed Feb  3 23:05:05 2016,59,20,0,408
Wed Feb  3 23:10:05 2016,59,20,0,409
Wed Feb  3 23:15:05 2016,59,20,0,408
Wed Feb  3 23:20:06 2016,59,20,0,407
Wed Feb  3 23:25:05 2016,59,20,0,400
Wed Feb  3 23:30:05 2016,59,20,0,416
Wed Feb  3 23:35:05 2016,59,20,0,409
Wed Feb  3 23:40:06 2016,59,20,0,410
Wed Feb  3 23:45:05 2016,59,20,0,416
Wed Feb  3 23:50:05 2016,59,20,0,416
Wed Feb  3 23:55:05 2016,59,20,0,421
Thu Feb  4 00:00:05 2016,59,20,0,411
Thu Feb  4 00:05:06 2016,59,20,0,406
Thu Feb  4 00:10:05 2016,59,20,0,401
Thu Feb  4 00:15:05 2016,59,20,0,411
Thu Feb  4 00:20:05 2016,59,20,0,413
Thu Feb  4 00:25:06 2016,59,20,0,422
Thu Feb  4 00:30:05 2016,59,20,0,413
Thu Feb  4 00:35:05 2016,59,20,0,413
Thu Feb  4 00:40:06 2016,59,20,0,413
Thu Feb  4 00:45:05 2016,59,20,0,412
Thu Feb  4 00:50:05 2016,57.2,21,0,413
Thu Feb  4 00:55:05 2016,57.2,21,0,407
Thu Feb  4 01:00:05 2016,57.2,21,0,413
Thu Feb  4 01:05:05 2016,57.2,21,0,414
Thu Feb  4 01:10:05 2016,57.2,21,0,413
Thu Feb  4 01:15:05 2016,59,20,0,424
Thu Feb  4 01:20:05 2016,59,20,0,414
Thu Feb  4 01:25:05 2016,59,20,0,425
Thu Feb  4 01:30:05 2016,59,20,0,413
Thu Feb  4 01:35:05 2016,59,20,0,413
Thu Feb  4 01:40:05 2016,59,20,0,413
Thu Feb  4 01:45:05 2016,59,20,0,415
Thu Feb  4 01:50:05 2016,59,20,0,403
Thu Feb  4 01:55:05 2016,59,20,0,422
Thu Feb  4 02:00:05 2016,59,20,0,414
Thu Feb  4 02:05:05 2016,59,20,0,417
Thu Feb  4 02:10:05 2016,59,20,0,417
Thu Feb  4 02:15:05 2016,59,20,0,407
Thu Feb  4 02:20:05 2016,59,20,0,429
Thu Feb  4 02:25:05 2016,59,20,0,415
Thu Feb  4 02:30:05 2016,59,20,0,410
Thu Feb  4 02:35:05 2016,59,20,0,419
Thu Feb  4 02:40:05 2016,59,20,0,427
Thu Feb  4 02:45:05 2016,59,20,0,422
Thu Feb  4 02:50:05 2016,59,20,0,412
Thu Feb  4 02:55:06 2016,59,20,0,432
Thu Feb  4 03:00:05 2016,59,20,0,428
Thu Feb  4 03:05:05 2016,59,20,0,422
Thu Feb  4 03:10:05 2016,59,20,0,421
Thu Feb  4 03:15:06 2016,59,20,0,422
Thu Feb  4 03:20:05 2016,59,20,0,412
Thu Feb  4 03:25:05 2016,59,20,0,433
Thu Feb  4 03:30:05 2016,60.8,20,0,430
Thu Feb  4 03:35:05 2016,59,20,0,421
Thu Feb  4 03:40:05 2016,60.8,20,0,422
Thu Feb  4 03:45:05 2016,60.8,20,0,422
Thu Feb  4 03:50:05 2016,60.8,20,0,426
Thu Feb  4 03:55:05 2016,60.8,20,0,418
Thu Feb  4 04:00:06 2016,60.8,20,0,430
Thu Feb  4 04:05:05 2016,60.8,20,0,430
Thu Feb  4 04:10:05 2016,60.8,20,0,424
Thu Feb  4 04:15:05 2016,60.8,20,0,428
Thu Feb  4 04:20:05 2016,60.8,20,0,424
Thu Feb  4 04:25:05 2016,60.8,20,0,414
Thu Feb  4 04:30:05 2016,60.8,20,0,424
Thu Feb  4 04:35:05 2016,60.8,20,0,415
Thu Feb  4 04:40:05 2016,60.8,20,0,431
Thu Feb  4 04:45:05 2016,60.8,20,0,432
Thu Feb  4 04:50:05 2016,60.8,20,0,425
Thu Feb  4 04:55:05 2016,60.8,20,0,414
Thu Feb  4 05:00:05 2016,60.8,20,0,421
Thu Feb  4 05:05:06 2016,60.8,20,0,425
Thu Feb  4 05:10:05 2016,60.8,20,0,433
Thu Feb  4 05:15:05 2016,60.8,20,0,425
Thu Feb  4 05:20:06 2016,62.6,19,0,425
Thu Feb  4 05:25:05 2016,60.8,20,0,425
Thu Feb  4 05:30:05 2016,62.6,19,0,425
Thu Feb  4 05:35:05 2016,60.8,20,0,419
Thu Feb  4 05:40:06 2016,62.6,19,0,426
Thu Feb  4 05:45:05 2016,60.8,20,0,426
Thu Feb  4 05:50:05 2016,62.6,19,0,422
Thu Feb  4 05:55:05 2016,62.6,19,0,434
Thu Feb  4 06:00:05 2016,62.6,19,0,417
Thu Feb  4 06:05:05 2016,62.6,19,0,427
Thu Feb  4 06:10:05 2016,62.6,19,0,436
Thu Feb  4 06:15:05 2016,62.6,19,0,427
Thu Feb  4 06:20:05 2016,62.6,19,0,431
Thu Feb  4 06:25:06 2016,62.6,19,0,418
Thu Feb  4 06:30:05 2016,62.6,19,0,432
Thu Feb  4 06:35:05 2016,62.6,19,0,422
Thu Feb  4 06:40:05 2016,62.6,19,0,427
Thu Feb  4 06:45:06 2016,62.6,19,210,428
Thu Feb  4 06:50:05 2016,62.6,19,376,427
Thu Feb  4 06:55:05 2016,62.6,19,375,420
Thu Feb  4 07:00:05 2016,62.6,19,377,436
Thu Feb  4 07:05:05 2016,62.6,19,443,434
Thu Feb  4 07:10:05 2016,62.6,19,444,427
Thu Feb  4 07:15:05 2016,62.6,19,438,432
Thu Feb  4 07:20:05 2016,62.6,19,436,419
Thu Feb  4 07:25:05 2016,62.6,19,442,427
Thu Feb  4 07:30:05 2016,62.6,19,444,426
Thu Feb  4 07:35:05 2016,62.6,19,444,426
Thu Feb  4 07:40:05 2016,62.6,19,382,426
Thu Feb  4 07:45:05 2016,62.6,19,387,426
Thu Feb  4 07:50:05 2016,62.6,19,385,426
Thu Feb  4 07:55:06 2016,62.6,19,384,426
Thu Feb  4 08:00:05 2016,62.6,19,379,425
Thu Feb  4 08:05:05 2016,62.6,19,379,424
Thu Feb  4 08:10:05 2016,62.6,19,383,426
Thu Feb  4 08:15:06 2016,62.6,19,377,421
Thu Feb  4 08:20:05 2016,62.6,19,380,436
Thu Feb  4 08:25:05 2016,62.6,19,375,433
Thu Feb  4 08:30:05 2016,62.6,19,377,428
Thu Feb  4 08:35:05 2016,62.6,19,375,434
Thu Feb  4 08:40:05 2016,62.6,19,375,428
Thu Feb  4 08:45:05 2016,62.6,19,375,435
Thu Feb  4 08:50:05 2016,62.6,19,387,427
Thu Feb  4 08:55:05 2016,62.6,19,386,427
Thu Feb  4 09:00:06 2016,62.6,19,381,427
Thu Feb  4 09:05:05 2016,62.6,19,386,427
Thu Feb  4 09:10:05 2016,62.6,19,385,418
Thu Feb  4 09:15:05 2016,62.6,19,377,433
Thu Feb  4 09:20:06 2016,62.6,19,378,424
Thu Feb  4 09:25:05 2016,62.6,19,377,422
Thu Feb  4 09:30:05 2016,62.6,19,377,435
Thu Feb  4 09:35:05 2016,60.8,20,379,429
Thu Feb  4 09:40:06 2016,60.8,20,387,428
Thu Feb  4 09:45:05 2016,62.6,19,379,420
Thu Feb  4 09:50:05 2016,62.6,19,378,436
Thu Feb  4 09:55:05 2016,62.6,19,387,428
Thu Feb  4 10:00:05 2016,60.8,20,381,439
Thu Feb  4 10:05:05 2016,60.8,20,388,429
Thu Feb  4 10:10:05 2016,60.8,20,389,429
Thu Feb  4 10:15:05 2016,62.6,19,385,439
Thu Feb  4 10:20:05 2016,62.6,19,392,429
Thu Feb  4 10:25:05 2016,60.8,20,392,429
Thu Feb  4 10:30:05 2016,60.8,20,385,437
Thu Feb  4 10:35:05 2016,60.8,20,396,427
Thu Feb  4 10:40:05 2016,60.8,20,397,428
Thu Feb  4 10:45:05 2016,60.8,20,396,423
Thu Feb  4 10:50:05 2016,60.8,20,405,430
Thu Feb  4 10:55:05 2016,60.8,20,398,430
Thu Feb  4 11:00:05 2016,60.8,20,400,440
Thu Feb  4 11:05:05 2016,60.8,20,404,429
Thu Feb  4 11:10:06 2016,60.8,20,420,430
Thu Feb  4 11:15:05 2016,60.8,20,428,432
Thu Feb  4 11:20:05 2016,60.8,20,486,431
Thu Feb  4 11:25:05 2016,60.8,20,540,440
Thu Feb  4 11:30:05 2016,60.8,20,571,431
Thu Feb  4 11:35:06 2016,62.6,19,576,431
Thu Feb  4 11:40:05 2016,60.8,20,540,420
Thu Feb  4 11:45:05 2016,60.8,20,478,428
Thu Feb  4 11:50:05 2016,60.8,20,476,424
Thu Feb  4 11:55:06 2016,62.6,19,510,424
Thu Feb  4 12:00:05 2016,60.8,20,515,431
Thu Feb  4 12:05:05 2016,60.8,20,487,431
Thu Feb  4 12:10:05 2016,60.8,20,448,431
Thu Feb  4 12:15:06 2016,60.8,20,442,424
Thu Feb  4 12:20:05 2016,60.8,20,423,431
Thu Feb  4 12:25:05 2016,60.8,20,413,430
Thu Feb  4 12:30:05 2016,60.8,20,411,432
Thu Feb  4 12:35:05 2016,60.8,20,416,432
Thu Feb  4 12:40:05 2016,60.8,20,412,442
Thu Feb  4 12:45:05 2016,60.8,20,415,435
Thu Feb  4 12:50:05 2016,60.8,20,431,432
Thu Feb  4 12:55:05 2016,60.8,20,418,424
Thu Feb  4 13:00:06 2016,60.8,20,402,433
Thu Feb  4 13:05:05 2016,60.8,20,401,432
Thu Feb  4 13:10:05 2016,60.8,20,384,424
Thu Feb  4 13:15:05 2016,60.8,20,388,431
Thu Feb  4 13:20:06 2016,60.8,20,385,421
Thu Feb  4 13:25:05 2016,60.8,20,392,432
Thu Feb  4 13:30:05 2016,60.8,20,399,433
Thu Feb  4 13:35:05 2016,60.8,20,394,433
Thu Feb  4 13:40:06 2016,60.8,20,403,434
Thu Feb  4 13:45:05 2016,60.8,20,410,443
Thu Feb  4 13:50:05 2016,60.8,20,395,423
Thu Feb  4 13:55:05 2016,60.8,20,388,427
Thu Feb  4 14:00:05 2016,60.8,20,402,434
Thu Feb  4 14:05:06 2016,59,20,388,434
Thu Feb  4 14:10:05 2016,59,20,380,425
Thu Feb  4 14:15:05 2016,59,20,378,444
Thu Feb  4 14:20:05 2016,59,20,380,429
Thu Feb  4 14:25:06 2016,59,20,388,435
Thu Feb  4 14:30:05 2016,59,20,388,435
Thu Feb  4 14:35:05 2016,59,20,388,435
Thu Feb  4 14:40:05 2016,59,20,388,437
Thu Feb  4 14:45:06 2016,59,20,378,427
Thu Feb  4 14:50:05 2016,59,20,389,435
Thu Feb  4 14:55:05 2016,59,20,386,429
Thu Feb  4 15:00:05 2016,59,20,387,434
Thu Feb  4 15:05:05 2016,59,20,381,426
Thu Feb  4 15:10:05 2016,59,20,384,433
Thu Feb  4 15:15:05 2016,59,20,385,433
Thu Feb  4 15:20:05 2016,59,20,391,436
Thu Feb  4 15:25:05 2016,59,20,377,443
Thu Feb  4 15:30:05 2016,59,20,385,434
Thu Feb  4 15:35:05 2016,59,20,383,447
Thu Feb  4 15:40:05 2016,60.8,20,384,437
Thu Feb  4 15:45:05 2016,60.8,20,381,437
Thu Feb  4 15:50:05 2016,59,20,375,437
Thu Feb  4 15:55:06 2016,59,20,376,441
Thu Feb  4 16:00:05 2016,59,20,381,441
Thu Feb  4 16:05:05 2016,59,20,377,450
Thu Feb  4 16:10:05 2016,59,20,375,437
Thu Feb  4 16:15:06 2016,59,20,373,446
Thu Feb  4 16:20:05 2016,59,20,374,447
Thu Feb  4 16:25:05 2016,60.8,20,374,450
Thu Feb  4 16:30:05 2016,60.8,20,381,441
Thu Feb  4 16:35:05 2016,59,20,384,441
Thu Feb  4 16:40:05 2016,59,20,372,433
Thu Feb  4 16:45:05 2016,59,20,384,440
Thu Feb  4 16:50:05 2016,60.8,20,384,441
Thu Feb  4 16:55:05 2016,60.8,20,380,441
Thu Feb  4 17:00:06 2016,60.8,20,380,435
Thu Feb  4 17:05:05 2016,60.8,20,383,441
Thu Feb  4 17:10:05 2016,60.8,20,382,441
Thu Feb  4 17:15:05 2016,60.8,20,372,438
Thu Feb  4 17:20:06 2016,60.8,20,377,442
Thu Feb  4 17:25:05 2016,60.8,20,378,441
Thu Feb  4 17:30:05 2016,60.8,20,378,442
Thu Feb  4 17:35:05 2016,60.8,20,371,433
Thu Feb  4 17:40:06 2016,60.8,20,370,449
Thu Feb  4 17:45:05 2016,60.8,20,376,441
Thu Feb  4 17:50:05 2016,60.8,20,0,443
Thu Feb  4 17:55:05 2016,60.8,20,0,446
Thu Feb  4 18:00:05 2016,60.8,20,0,443
Thu Feb  4 18:05:06 2016,60.8,20,0,452
Thu Feb  4 18:10:05 2016,60.8,20,0,432
Thu Feb  4 18:15:05 2016,60.8,20,0,440
Thu Feb  4 18:20:05 2016,60.8,20,255,444
Thu Feb  4 18:25:06 2016,60.8,20,257,445
Thu Feb  4 18:30:05 2016,60.8,20,247,445
Thu Feb  4 18:35:05 2016,60.8,20,0,444
Thu Feb  4 18:40:05 2016,60.8,20,0,444
Thu Feb  4 18:45:06 2016,60.8,20,0,441
Thu Feb  4 18:50:05 2016,60.8,20,0,445
Thu Feb  4 18:55:05 2016,60.8,20,0,442
Thu Feb  4 19:00:05 2016,60.8,20,0,445
Thu Feb  4 19:05:05 2016,60.8,20,0,445
Thu Feb  4 19:10:05 2016,60.8,20,0,446
Thu Feb  4 19:15:05 2016,60.8,20,0,445
Thu Feb  4 19:20:05 2016,60.8,20,0,446
Thu Feb  4 19:25:05 2016,60.8,20,0,446
Thu Feb  4 19:30:06 2016,60.8,20,0,447
Thu Feb  4 19:35:05 2016,60.8,20,0,440
Thu Feb  4 19:40:05 2016,60.8,20,0,448
Thu Feb  4 19:45:05 2016,60.8,20,0,447
Thu Feb  4 19:50:06 2016,60.8,20,0,446
Thu Feb  4 19:55:05 2016,60.8,20,0,448
Thu Feb  4 20:00:05 2016,60.8,20,0,447
Thu Feb  4 20:05:05 2016,60.8,20,0,448
Thu Feb  4 20:10:06 2016,60.8,20,0,448
Thu Feb  4 20:15:05 2016,60.8,20,0,448
Thu Feb  4 20:20:05 2016,60.8,20,0,447
Thu Feb  4 20:25:05 2016,60.8,20,0,446
Thu Feb  4 20:30:05 2016,60.8,20,0,449
Thu Feb  4 20:35:06 2016,60.8,20,0,451
Thu Feb  4 20:40:05 2016,60.8,20,0,455
Thu Feb  4 20:45:05 2016,62.6,19,0,459
Thu Feb  4 20:50:05 2016,60.8,20,0,461
Thu Feb  4 20:55:06 2016,62.6,19,0,458
Thu Feb  4 21:00:05 2016,60.8,20,0,461
Thu Feb  4 21:05:05 2016,62.6,19,0,450
Thu Feb  4 21:10:05 2016,60.8,20,0,446
Thu Feb  4 21:15:06 2016,62.6,19,0,460
Thu Feb  4 21:20:05 2016,62.6,19,0,462
Thu Feb  4 21:25:05 2016,62.6,19,0,453
Thu Feb  4 21:30:05 2016,62.6,19,0,454
Thu Feb  4 21:35:05 2016,62.6,19,0,448
Thu Feb  4 21:40:05 2016,62.6,19,0,444
Thu Feb  4 21:45:05 2016,62.6,19,0,444
Thu Feb  4 21:50:05 2016,62.6,19,0,446
Thu Feb  4 21:55:05 2016,62.6,19,0,456
Thu Feb  4 22:00:05 2016,62.6,19,0,463
Thu Feb  4 22:05:06 2016,62.6,19,0,463
Thu Feb  4 22:10:05 2016,62.6,19,0,456
Thu Feb  4 22:15:05 2016,62.6,19,0,447
Thu Feb  4 22:20:06 2016,62.6,19,0,456
Thu Feb  4 22:25:05 2016,62.6,19,0,456
Thu Feb  4 22:30:05 2016,62.6,19,0,454
Thu Feb  4 22:35:05 2016,62.6,19,0,456
Thu Feb  4 22:40:06 2016,62.6,19,0,467
Thu Feb  4 22:45:05 2016,62.6,19,0,465
Thu Feb  4 22:50:05 2016,62.6,19,0,457
Thu Feb  4 22:55:05 2016,62.6,19,0,457
Thu Feb  4 23:00:05 2016,62.6,19,0,456
Thu Feb  4 23:05:05 2016,62.6,19,0,451
Thu Feb  4 23:10:05 2016,62.6,19,0,453
Thu Feb  4 23:15:05 2016,62.6,19,0,453
Thu Feb  4 23:20:05 2016,62.6,19,0,450
Thu Feb  4 23:25:06 2016,62.6,19,0,458
Thu Feb  4 23:30:05 2016,62.6,19,0,447
Thu Feb  4 23:35:05 2016,62.6,19,0,458
Thu Feb  4 23:40:05 2016,62.6,19,0,458
Thu Feb  4 23:45:05 2016,62.6,19,0,465
Thu Feb  4 23:50:05 2016,62.6,19,0,458
Thu Feb  4 23:55:05 2016,62.6,19,0,448
Fri Feb  5 00:00:05 2016,62.6,19,0,469
Fri Feb  5 00:05:05 2016,62.6,19,0,459
Fri Feb  5 00:10:05 2016,62.6,19,0,468
Fri Feb  5 00:15:05 2016,62.6,19,0,458
Fri Feb  5 00:20:05 2016,62.6,19,0,449
Fri Feb  5 00:25:05 2016,62.6,19,0,459
Fri Feb  5 00:30:05 2016,62.6,19,0,448
Fri Feb  5 00:35:05 2016,62.6,19,0,459
Fri Feb  5 00:40:05 2016,62.6,19,0,460
Fri Feb  5 00:45:05 2016,62.6,19,0,460
Fri Feb  5 00:50:05 2016,62.6,19,0,461
Fri Feb  5 00:55:05 2016,62.6,19,0,451
Fri Feb  5 01:00:05 2016,62.6,19,0,450
Fri Feb  5 01:05:05 2016,62.6,19,0,462
Fri Feb  5 01:10:06 2016,62.6,19,0,474
Fri Feb  5 01:15:05 2016,62.6,19,0,466
Fri Feb  5 01:20:05 2016,62.6,19,0,464
Fri Feb  5 01:25:05 2016,62.6,19,0,464
Fri Feb  5 01:30:05 2016,62.6,19,0,475
Fri Feb  5 01:35:05 2016,62.6,19,0,465
Fri Feb  5 01:40:05 2016,62.6,19,0,457
Fri Feb  5 01:45:05 2016,62.6,19,0,466
Fri Feb  5 01:50:05 2016,62.6,19,0,466
Fri Feb  5 01:55:05 2016,62.6,19,0,464
Fri Feb  5 02:00:06 2016,62.6,19,0,468
Fri Feb  5 02:05:05 2016,60.8,20,0,467
Fri Feb  5 02:10:05 2016,62.6,19,0,463
Fri Feb  5 02:15:05 2016,62.6,19,0,467
Fri Feb  5 02:20:05 2016,60.8,20,0,468
Fri Feb  5 02:25:05 2016,62.6,19,0,468
Fri Feb  5 02:30:05 2016,62.6,19,0,459
Fri Feb  5 02:35:05 2016,60.8,20,0,469
Fri Feb  5 02:40:05 2016,62.6,19,0,468
Fri Feb  5 02:45:05 2016,62.6,19,0,469
Fri Feb  5 02:50:05 2016,62.6,19,0,459
Fri Feb  5 02:55:05 2016,62.6,19,0,480
Fri Feb  5 03:00:05 2016,60.8,20,0,469
Fri Feb  5 03:05:06 2016,62.6,19,0,469
Fri Feb  5 03:10:05 2016,62.6,19,0,470
Fri Feb  5 03:15:05 2016,62.6,19,0,478
Fri Feb  5 03:20:05 2016,62.6,19,0,467
Fri Feb  5 03:25:06 2016,60.8,20,0,470
Fri Feb  5 03:30:05 2016,62.6,19,0,479
Fri Feb  5 03:35:05 2016,62.6,19,0,470
Fri Feb  5 03:40:05 2016,62.6,19,0,470
Fri Feb  5 03:45:06 2016,62.6,19,0,471
Fri Feb  5 03:50:05 2016,62.6,19,0,470
Fri Feb  5 03:55:05 2016,62.6,19,0,470
Fri Feb  5 04:00:05 2016,62.6,19,0,470
Fri Feb  5 04:05:05 2016,62.6,19,0,471
Fri Feb  5 04:10:05 2016,62.6,19,0,463
Fri Feb  5 04:15:05 2016,62.6,19,0,472
Fri Feb  5 04:20:05 2016,62.6,19,0,472
Fri Feb  5 04:25:05 2016,62.6,19,0,470
Fri Feb  5 04:30:06 2016,62.6,19,0,472
Fri Feb  5 04:35:05 2016,62.6,19,0,472
Fri Feb  5 04:40:05 2016,62.6,19,0,473
Fri Feb  5 04:45:05 2016,62.6,19,0,485
Fri Feb  5 04:50:06 2016,62.6,19,0,466
Fri Feb  5 04:55:05 2016,62.6,19,0,463
Fri Feb  5 05:00:05 2016,62.6,19,0,472
Fri Feb  5 05:05:05 2016,62.6,19,0,470
Fri Feb  5 05:10:06 2016,62.6,19,0,475
Fri Feb  5 05:15:05 2016,62.6,19,0,475
Fri Feb  5 05:20:05 2016,62.6,19,0,465
Fri Feb  5 05:25:05 2016,62.6,19,0,475
Fri Feb  5 05:30:05 2016,62.6,19,0,476
Fri Feb  5 05:35:05 2016,62.6,19,0,465
Fri Feb  5 05:40:05 2016,62.6,19,0,477
Fri Feb  5 05:45:05 2016,62.6,19,0,476
Fri Feb  5 05:50:05 2016,62.6,19,0,476
Fri Feb  5 05:55:05 2016,62.6,19,0,475
Fri Feb  5 06:00:06 2016,62.6,19,0,465
Fri Feb  5 06:05:05 2016,62.6,19,0,477
Fri Feb  5 06:10:05 2016,62.6,19,0,477
Fri Feb  5 06:15:05 2016,62.6,19,0,477
Fri Feb  5 06:20:05 2016,62.6,19,0,476
Fri Feb  5 06:25:05 2016,62.6,19,0,491
Fri Feb  5 06:30:05 2016,62.6,19,0,484
Fri Feb  5 06:35:05 2016,62.6,19,0,484
Fri Feb  5 06:40:05 2016,62.6,19,0,484
Fri Feb  5 06:45:05 2016,62.6,19,225,484
Fri Feb  5 06:50:05 2016,62.6,19,375,475
Fri Feb  5 06:55:05 2016,62.6,19,383,495
Fri Feb  5 07:00:05 2016,62.6,19,394,483
Fri Feb  5 07:05:06 2016,62.6,19,384,479
Fri Feb  5 07:10:05 2016,62.6,19,393,483
Fri Feb  5 07:15:05 2016,62.6,19,383,472
Fri Feb  5 07:20:05 2016,62.6,19,387,486
Fri Feb  5 07:25:06 2016,62.6,19,382,494
Fri Feb  5 07:30:05 2016,64.4,19,384,480
Fri Feb  5 07:35:05 2016,62.6,19,383,477
Fri Feb  5 07:40:05 2016,64.4,19,391,483
Fri Feb  5 07:45:06 2016,62.6,19,387,492
Fri Feb  5 07:50:05 2016,64.4,19,387,473
Fri Feb  5 07:55:05 2016,64.4,19,389,483
Fri Feb  5 08:00:05 2016,64.4,19,382,485
Fri Feb  5 08:05:05 2016,64.4,19,389,483
Fri Feb  5 08:10:05 2016,62.6,19,386,473
Fri Feb  5 08:15:05 2016,64.4,19,381,490
Fri Feb  5 08:20:05 2016,64.4,19,386,494
Fri Feb  5 08:25:05 2016,64.4,19,381,479
Fri Feb  5 08:30:05 2016,64.4,19,382,476
Fri Feb  5 08:35:05 2016,64.4,19,389,504
Fri Feb  5 08:40:05 2016,64.4,19,389,490
Fri Feb  5 08:45:05 2016,64.4,19,392,493
Fri Feb  5 08:50:05 2016,64.4,19,392,492
Fri Feb  5 08:55:06 2016,64.4,19,393,491
Fri Feb  5 09:00:05 2016,64.4,19,392,499
Fri Feb  5 09:05:05 2016,64.4,19,395,494
Fri Feb  5 09:10:05 2016,64.4,19,388,488
Fri Feb  5 09:15:06 2016,64.4,19,396,494
Fri Feb  5 09:20:05 2016,64.4,19,389,503
Fri Feb  5 09:25:05 2016,64.4,19,399,494
Fri Feb  5 09:30:05 2016,64.4,19,396,492
Fri Feb  5 09:35:05 2016,64.4,19,394,502
Fri Feb  5 09:40:05 2016,64.4,19,406,495
Fri Feb  5 09:45:05 2016,64.4,19,405,495
Fri Feb  5 09:50:05 2016,64.4,19,400,495
Fri Feb  5 09:55:05 2016,64.4,19,396,495
Fri Feb  5 10:00:06 2016,64.4,19,398,506
Fri Feb  5 10:05:05 2016,64.4,19,402,496
Fri Feb  5 10:10:05 2016,64.4,19,401,497
Fri Feb  5 10:15:05 2016,64.4,19,394,489
Fri Feb  5 10:20:06 2016,62.6,19,392,492
Fri Feb  5 10:25:05 2016,62.6,19,399,497
Fri Feb  5 10:30:05 2016,64.4,19,402,499
Fri Feb  5 10:35:05 2016,62.6,19,401,499
Fri Feb  5 10:40:06 2016,62.6,19,406,500
Fri Feb  5 10:45:05 2016,64.4,19,398,498
Fri Feb  5 10:50:05 2016,62.6,19,398,507
Fri Feb  5 10:55:05 2016,62.6,19,408,501
Fri Feb  5 11:00:05 2016,62.6,19,401,502
Fri Feb  5 11:05:06 2016,64.4,19,396,493
Fri Feb  5 11:10:05 2016,62.6,19,419,502
Fri Feb  5 11:15:05 2016,62.6,19,434,502
Fri Feb  5 11:20:05 2016,62.6,19,501,501
Fri Feb  5 11:25:06 2016,62.6,19,545,506
Fri Feb  5 11:30:05 2016,62.6,19,570,516
Fri Feb  5 11:35:05 2016,62.6,19,557,503
Fri Feb  5 11:40:05 2016,62.6,19,547,507
Fri Feb  5 11:45:05 2016,62.6,19,499,516
Fri Feb  5 11:50:05 2016,62.6,19,495,518
Fri Feb  5 11:55:05 2016,62.6,19,518,509
Fri Feb  5 12:00:05 2016,62.6,19,542,508
Fri Feb  5 12:05:05 2016,62.6,19,523,512
Fri Feb  5 12:10:05 2016,62.6,19,511,514
Fri Feb  5 12:15:05 2016,62.6,19,481,532
Fri Feb  5 12:20:05 2016,62.6,19,449,525
Fri Feb  5 12:25:05 2016,62.6,19,430,525
Fri Feb  5 12:30:05 2016,62.6,19,417,542
Fri Feb  5 12:35:05 2016,62.6,19,410,551
Fri Feb  5 12:40:05 2016,62.6,19,424,542
Fri Feb  5 12:45:05 2016,62.6,19,470,545
Fri Feb  5 12:50:05 2016,62.6,19,474,552
Fri Feb  5 12:55:06 2016,62.6,19,520,545
Fri Feb  5 13:00:05 2016,62.6,19,510,551
Fri Feb  5 13:05:05 2016,62.6,19,504,547
Fri Feb  5 13:10:05 2016,62.6,19,507,548
Fri Feb  5 13:15:06 2016,62.6,19,460,546
Fri Feb  5 13:20:05 2016,62.6,19,462,548
Fri Feb  5 13:25:05 2016,62.6,19,463,553
Fri Feb  5 13:30:05 2016,62.6,19,453,540
Fri Feb  5 13:35:05 2016,62.6,19,442,548
Fri Feb  5 13:40:05 2016,60.8,20,420,546
Fri Feb  5 13:45:05 2016,60.8,20,422,548
Fri Feb  5 13:50:05 2016,60.8,20,421,547
Fri Feb  5 13:55:05 2016,60.8,20,424,540
Fri Feb  5 14:00:06 2016,60.8,20,419,539
Fri Feb  5 14:05:05 2016,60.8,20,428,549
Fri Feb  5 14:10:05 2016,60.8,20,397,559
Fri Feb  5 14:15:05 2016,60.8,20,407,550
Fri Feb  5 14:20:06 2016,60.8,20,393,558
Fri Feb  5 14:25:05 2016,60.8,20,392,550
Fri Feb  5 14:30:05 2016,60.8,20,391,555
Fri Feb  5 14:35:05 2016,60.8,20,398,552
Fri Feb  5 14:40:06 2016,60.8,20,395,561
Fri Feb  5 14:45:05 2016,60.8,20,403,552
Fri Feb  5 14:50:05 2016,60.8,20,393,549
Fri Feb  5 14:55:05 2016,60.8,20,401,552
Fri Feb  5 15:00:05 2016,60.8,20,397,562
Fri Feb  5 15:05:06 2016,60.8,20,397,563
Fri Feb  5 15:10:05 2016,60.8,20,396,545
Fri Feb  5 15:15:05 2016,60.8,20,392,548
Fri Feb  5 15:20:05 2016,60.8,20,391,556
Fri Feb  5 15:25:06 2016,60.8,20,386,561
Fri Feb  5 15:30:05 2016,60.8,20,393,554
Fri Feb  5 15:35:05 2016,60.8,20,633,561
Fri Feb  5 15:40:05 2016,60.8,20,631,560
Fri Feb  5 15:45:06 2016,60.8,20,620,569
Fri Feb  5 15:50:05 2016,62.6,19,629,558
Fri Feb  5 15:55:05 2016,62.6,19,631,558
Fri Feb  5 16:00:05 2016,62.6,19,627,558
Fri Feb  5 16:05:05 2016,60.8,20,615,555
Fri Feb  5 16:10:05 2016,60.8,20,619,557
Fri Feb  5 16:15:05 2016,60.8,20,614,552
Fri Feb  5 16:20:05 2016,60.8,20,617,557
Fri Feb  5 16:25:05 2016,60.8,20,618,557
Fri Feb  5 16:30:05 2016,60.8,20,608,558
Fri Feb  5 16:35:05 2016,60.8,20,601,547
Fri Feb  5 16:40:05 2016,60.8,20,602,550
Fri Feb  5 16:45:05 2016,60.8,20,616,556
Fri Feb  5 16:50:05 2016,60.8,20,610,556
Fri Feb  5 16:55:06 2016,60.8,20,607,559
Fri Feb  5 17:00:05 2016,62.6,19,610,553
Fri Feb  5 17:05:05 2016,60.8,20,612,555
Fri Feb  5 17:10:05 2016,60.8,20,601,565
Fri Feb  5 17:15:06 2016,60.8,20,612,553
Fri Feb  5 17:20:05 2016,60.8,20,610,555
Fri Feb  5 17:25:05 2016,62.6,19,612,553
Fri Feb  5 17:30:05 2016,62.6,19,605,544
Fri Feb  5 17:35:05 2016,60.8,20,613,553
Fri Feb  5 17:40:05 2016,62.6,19,605,534
Fri Feb  5 17:45:05 2016,62.6,19,603,541
Fri Feb  5 17:50:05 2016,62.6,19,0,543
Fri Feb  5 17:55:05 2016,62.6,19,0,533
Fri Feb  5 18:00:06 2016,62.6,19,249,532
Fri Feb  5 18:05:05 2016,60.8,20,246,539
Fri Feb  5 18:10:05 2016,62.6,19,0,545
Fri Feb  5 18:15:05 2016,60.8,20,0,541
Fri Feb  5 18:20:06 2016,60.8,20,0,552
Fri Feb  5 18:25:05 2016,62.6,19,0,537
Fri Feb  5 18:30:05 2016,60.8,20,0,539
Fri Feb  5 18:35:05 2016,60.8,20,0,541
Fri Feb  5 18:40:06 2016,60.8,20,0,538
Fri Feb  5 18:45:05 2016,60.8,20,0,534
Fri Feb  5 18:50:05 2016,60.8,20,0,554
Fri Feb  5 18:55:05 2016,60.8,20,0,543
Fri Feb  5 19:00:05 2016,60.8,20,0,543
Fri Feb  5 19:05:05 2016,60.8,20,0,541
Fri Feb  5 19:10:05 2016,60.8,20,0,534
Fri Feb  5 19:15:05 2016,60.8,20,0,553
Fri Feb  5 19:20:05 2016,60.8,20,0,541
Fri Feb  5 19:25:06 2016,62.6,19,0,546
Fri Feb  5 19:30:05 2016,60.8,20,0,554
Fri Feb  5 19:35:05 2016,60.8,20,0,547
Fri Feb  5 19:40:05 2016,62.6,19,0,552
Fri Feb  5 19:45:05 2016,60.8,20,0,558
Fri Feb  5 19:50:05 2016,60.8,20,0,569
Fri Feb  5 19:55:05 2016,62.6,19,0,537
Fri Feb  5 20:00:05 2016,60.8,20,0,544
Fri Feb  5 20:05:05 2016,62.6,19,0,565
Fri Feb  5 20:10:05 2016,62.6,19,0,550
Fri Feb  5 20:15:05 2016,60.8,20,0,558
Fri Feb  5 20:20:05 2016,62.6,19,0,540
Fri Feb  5 20:25:05 2016,62.6,19,0,552
Fri Feb  5 20:30:05 2016,62.6,19,0,563
Fri Feb  5 20:35:05 2016,62.6,19,0,556
Fri Feb  5 20:40:05 2016,62.6,19,0,546
Fri Feb  5 20:45:05 2016,62.6,19,0,562
Fri Feb  5 20:50:05 2016,62.6,19,0,568
Fri Feb  5 20:55:05 2016,62.6,19,0,566
Fri Feb  5 21:00:05 2016,62.6,19,0,568
Fri Feb  5 21:05:05 2016,62.6,19,0,561
Fri Feb  5 21:10:06 2016,62.6,19,0,560
Fri Feb  5 21:15:05 2016,62.6,19,0,542
Fri Feb  5 21:20:05 2016,62.6,19,0,549
Fri Feb  5 21:25:05 2016,62.6,19,0,549
Fri Feb  5 21:30:05 2016,62.6,19,0,567
Fri Feb  5 21:35:05 2016,62.6,19,0,547
Fri Feb  5 21:40:05 2016,62.6,19,0,562
Fri Feb  5 21:45:05 2016,62.6,19,0,565
Fri Feb  5 21:50:05 2016,62.6,19,0,567
Fri Feb  5 21:55:05 2016,62.6,19,0,564
Fri Feb  5 22:00:06 2016,62.6,19,0,572
Fri Feb  5 22:05:05 2016,62.6,19,0,579
Fri Feb  5 22:10:05 2016,62.6,19,0,585
Fri Feb  5 22:15:05 2016,62.6,19,0,575
Fri Feb  5 22:20:06 2016,62.6,19,0,576
Fri Feb  5 22:25:05 2016,62.6,19,0,584
Fri Feb  5 22:30:05 2016,62.6,19,0,585
Fri Feb  5 22:35:05 2016,62.6,19,0,586
Fri Feb  5 22:40:06 2016,62.6,19,0,587
Fri Feb  5 22:45:05 2016,62.6,19,0,597
Fri Feb  5 22:50:05 2016,62.6,19,0,597
Fri Feb  5 22:55:05 2016,62.6,19,0,590
Fri Feb  5 23:00:05 2016,62.6,19,0,591
Fri Feb  5 23:05:06 2016,62.6,19,0,583
Fri Feb  5 23:10:05 2016,62.6,19,0,592
Fri Feb  5 23:15:05 2016,62.6,19,0,586
Fri Feb  5 23:20:05 2016,62.6,19,0,602
Fri Feb  5 23:25:06 2016,62.6,19,0,588
Fri Feb  5 23:30:05 2016,62.6,19,0,598
Fri Feb  5 23:35:05 2016,62.6,19,0,608
Fri Feb  5 23:40:05 2016,62.6,19,0,606
Fri Feb  5 23:45:06 2016,62.6,19,0,593
Fri Feb  5 23:50:05 2016,62.6,19,0,597
Fri Feb  5 23:55:05 2016,62.6,19,0,592
Sat Feb  6 00:00:05 2016,62.6,19,0,610
Sat Feb  6 00:05:05 2016,62.6,19,0,585
Sat Feb  6 00:10:05 2016,62.6,19,0,579
Sat Feb  6 00:15:05 2016,62.6,19,0,582
Sat Feb  6 00:20:05 2016,62.6,19,0,591
Sat Feb  6 00:25:05 2016,62.6,19,0,583
Sat Feb  6 00:30:05 2016,62.6,19,0,600
Sat Feb  6 00:35:05 2016,62.6,19,0,601
Sat Feb  6 00:40:05 2016,62.6,19,0,590
Sat Feb  6 00:45:05 2016,62.6,19,0,600
Sat Feb  6 00:50:05 2016,62.6,19,0,588
Sat Feb  6 00:55:05 2016,62.6,19,0,605
Sat Feb  6 01:00:05 2016,62.6,19,0,596
Sat Feb  6 01:05:05 2016,62.6,19,0,604
Sat Feb  6 01:10:06 2016,62.6,19,0,600
Sat Feb  6 01:15:05 2016,62.6,19,0,596
Sat Feb  6 01:20:05 2016,62.6,19,0,597
Sat Feb  6 01:25:05 2016,60.8,20,0,603
Sat Feb  6 01:30:05 2016,62.6,19,0,604
Sat Feb  6 01:35:05 2016,62.6,19,0,603
Sat Feb  6 01:40:05 2016,60.8,20,0,610
Sat Feb  6 01:45:05 2016,60.8,20,0,595
Sat Feb  6 01:50:05 2016,60.8,20,0,596
Sat Feb  6 01:55:05 2016,60.8,20,0,606
Sat Feb  6 02:00:06 2016,62.6,19,0,606
Sat Feb  6 02:05:05 2016,60.8,20,0,608
Sat Feb  6 02:10:05 2016,60.8,20,0,615
Sat Feb  6 02:15:05 2016,60.8,20,0,614
Sat Feb  6 02:20:05 2016,60.8,20,0,586
Sat Feb  6 02:25:05 2016,60.8,20,0,601
Sat Feb  6 02:30:05 2016,60.8,20,0,592
Sat Feb  6 02:35:05 2016,60.8,20,0,593
Sat Feb  6 02:40:05 2016,60.8,20,0,591
Sat Feb  6 02:45:05 2016,60.8,20,0,587
Sat Feb  6 02:50:05 2016,60.8,20,0,600
Sat Feb  6 02:55:05 2016,60.8,20,0,606
Sat Feb  6 03:00:05 2016,62.6,19,0,605
Sat Feb  6 03:05:06 2016,60.8,20,0,613
Sat Feb  6 03:10:05 2016,62.6,19,0,583
Sat Feb  6 03:15:05 2016,62.6,19,0,606
Sat Feb  6 03:20:06 2016,60.8,20,0,589
Sat Feb  6 03:25:05 2016,62.6,19,0,596
Sat Feb  6 03:30:05 2016,60.8,20,0,586
Sat Feb  6 03:35:05 2016,62.6,19,0,598
Sat Feb  6 03:40:06 2016,62.6,19,0,597
Sat Feb  6 03:45:05 2016,62.6,19,0,594
Sat Feb  6 03:50:05 2016,62.6,19,0,603
Sat Feb  6 03:55:05 2016,62.6,19,0,596
Sat Feb  6 04:00:05 2016,62.6,19,0,605
Sat Feb  6 04:05:05 2016,62.6,19,0,597
Sat Feb  6 04:10:05 2016,62.6,19,0,596
Sat Feb  6 04:15:05 2016,62.6,19,0,605
Sat Feb  6 04:20:05 2016,62.6,19,0,588
Sat Feb  6 04:25:06 2016,62.6,19,0,591
Sat Feb  6 04:30:05 2016,62.6,19,0,597
Sat Feb  6 04:35:05 2016,62.6,19,0,591
Sat Feb  6 04:40:05 2016,62.6,19,0,598
Sat Feb  6 04:45:05 2016,62.6,19,0,592
Sat Feb  6 04:50:05 2016,62.6,19,0,599
Sat Feb  6 04:55:05 2016,62.6,19,0,603
Sat Feb  6 05:00:05 2016,62.6,19,0,598
Sat Feb  6 05:05:05 2016,62.6,19,0,608
Sat Feb  6 05:10:06 2016,62.6,19,0,600
Sat Feb  6 05:15:05 2016,62.6,19,0,601
Sat Feb  6 05:20:05 2016,62.6,19,0,602
Sat Feb  6 05:25:05 2016,62.6,19,0,604
Sat Feb  6 05:30:05 2016,62.6,19,0,602
Sat Feb  6 05:35:06 2016,62.6,19,0,602
Sat Feb  6 05:40:05 2016,62.6,19,0,602
Sat Feb  6 05:45:05 2016,62.6,19,0,609
Sat Feb  6 05:50:05 2016,62.6,19,0,602
Sat Feb  6 05:55:06 2016,62.6,19,0,612
Sat Feb  6 06:00:05 2016,62.6,19,0,604
Sat Feb  6 06:05:05 2016,62.6,19,0,605
Sat Feb  6 06:10:05 2016,62.6,19,0,598
Sat Feb  6 06:15:05 2016,62.6,19,0,601
Sat Feb  6 06:20:05 2016,62.6,19,0,586
Sat Feb  6 06:25:05 2016,62.6,19,0,588
Sat Feb  6 06:30:05 2016,62.6,19,0,584
Sat Feb  6 06:35:05 2016,62.6,19,0,595
Sat Feb  6 06:40:05 2016,62.6,19,0,604
Sat Feb  6 06:45:05 2016,62.6,19,386,597
Sat Feb  6 06:50:05 2016,62.6,19,613,601
Sat Feb  6 06:55:05 2016,62.6,19,613,603
Sat Feb  6 07:00:06 2016,62.6,19,611,618
Sat Feb  6 07:05:05 2016,62.6,19,609,620
Sat Feb  6 07:10:05 2016,62.6,19,609,614
Sat Feb  6 07:15:05 2016,62.6,19,607,626
Sat Feb  6 07:20:06 2016,62.6,19,616,626
Sat Feb  6 07:25:05 2016,62.6,19,609,625
Sat Feb  6 07:30:05 2016,64.4,19,609,633
Sat Feb  6 07:35:05 2016,62.6,19,606,636
Sat Feb  6 07:40:06 2016,62.6,19,600,643
Sat Feb  6 07:45:05 2016,64.4,19,601,622
Sat Feb  6 07:50:05 2016,62.6,19,604,633
Sat Feb  6 07:55:05 2016,64.4,19,612,635
Sat Feb  6 08:00:05 2016,62.6,19,600,641
Sat Feb  6 08:05:05 2016,62.6,19,607,643
Sat Feb  6 08:10:05 2016,64.4,19,602,650
Sat Feb  6 08:15:05 2016,62.6,19,603,648
Sat Feb  6 08:20:05 2016,64.4,19,597,659
Sat Feb  6 08:25:05 2016,62.6,19,600,652
Sat Feb  6 08:30:05 2016,62.6,19,598,647
Sat Feb  6 08:35:05 2016,64.4,19,596,646
Sat Feb  6 08:40:05 2016,62.6,19,596,652
Sat Feb  6 08:45:05 2016,62.6,19,594,651
Sat Feb  6 08:50:06 2016,62.6,19,593,657
Sat Feb  6 08:55:05 2016,62.6,19,593,667
Sat Feb  6 09:00:05 2016,62.6,19,592,666
Sat Feb  6 09:05:05 2016,62.6,19,598,660
Sat Feb  6 09:10:06 2016,62.6,19,599,663
Sat Feb  6 09:15:05 2016,62.6,19,596,662
Sat Feb  6 09:20:05 2016,62.6,19,588,669
Sat Feb  6 09:25:05 2016,62.6,19,600,665
Sat Feb  6 09:30:05 2016,62.6,19,592,660
Sat Feb  6 09:35:05 2016,62.6,19,585,676
Sat Feb  6 09:40:05 2016,62.6,19,583,657
Sat Feb  6 09:45:05 2016,62.6,19,596,664
Sat Feb  6 09:50:05 2016,62.6,19,597,665
Sat Feb  6 09:55:05 2016,62.6,19,597,665
Sat Feb  6 10:00:06 2016,62.6,19,588,658
Sat Feb  6 10:05:05 2016,62.6,19,593,672
Sat Feb  6 10:10:05 2016,62.6,19,583,667
Sat Feb  6 10:15:05 2016,62.6,19,594,675
Sat Feb  6 10:20:06 2016,62.6,19,587,682
Sat Feb  6 10:25:05 2016,62.6,19,584,673
Sat Feb  6 10:30:05 2016,62.6,19,584,699
Sat Feb  6 10:35:05 2016,62.6,19,588,693
Sat Feb  6 10:40:06 2016,62.6,19,596,686
Sat Feb  6 10:45:05 2016,62.6,19,598,699
Sat Feb  6 10:50:05 2016,62.6,19,598,684
Sat Feb  6 10:55:05 2016,62.6,19,608,679
Sat Feb  6 11:00:05 2016,62.6,19,596,691
Sat Feb  6 11:05:06 2016,62.6,19,599,690
Sat Feb  6 11:10:05 2016,62.6,19,605,685
Sat Feb  6 11:15:05 2016,62.6,19,603,686
Sat Feb  6 11:20:05 2016,62.6,19,594,679
Sat Feb  6 11:25:06 2016,62.6,19,599,680
Sat Feb  6 11:30:05 2016,62.6,19,596,692
Sat Feb  6 11:35:05 2016,62.6,19,595,698
Sat Feb  6 11:40:05 2016,60.8,20,599,703
Sat Feb  6 11:45:05 2016,62.6,19,600,697
Sat Feb  6 11:50:05 2016,60.8,20,604,692
Sat Feb  6 11:55:05 2016,60.8,20,594,689
Sat Feb  6 12:00:05 2016,60.8,20,598,705
Sat Feb  6 12:05:05 2016,62.6,19,600,707
Sat Feb  6 12:10:05 2016,62.6,19,595,708
Sat Feb  6 12:15:05 2016,62.6,19,600,707
Sat Feb  6 12:20:05 2016,62.6,19,601,696
Sat Feb  6 12:25:05 2016,60.8,20,607,703
Sat Feb  6 12:30:05 2016,60.8,20,593,709
Sat Feb  6 12:35:05 2016,60.8,20,599,696
Sat Feb  6 12:40:05 2016,62.6,19,595,698
Sat Feb  6 12:45:05 2016,62.6,19,606,704
Sat Feb  6 12:50:05 2016,62.6,19,605,704
Sat Feb  6 12:55:06 2016,62.6,19,593,712
Sat Feb  6 13:00:05 2016,62.6,19,600,705
Sat Feb  6 13:05:05 2016,62.6,19,607,705
Sat Feb  6 13:10:05 2016,60.8,20,594,707
Sat Feb  6 13:15:06 2016,60.8,20,590,698
Sat Feb  6 13:20:05 2016,60.8,20,589,700
Sat Feb  6 13:25:05 2016,60.8,20,590,703
Sat Feb  6 13:30:05 2016,62.6,19,597,705
Sat Feb  6 13:35:05 2016,60.8,20,597,709
Sat Feb  6 13:40:05 2016,60.8,20,596,710
Sat Feb  6 13:45:05 2016,60.8,20,283,351
Sat Feb  6 13:50:05 2016,60.8,20,288,348
Sat Feb  6 13:55:05 2016,60.8,21,292,354
Sat Feb  6 14:00:06 2016,60.8,20,292,366
Sat Feb  6 14:05:05 2016,60.8,21,300,370
Sat Feb  6 14:10:05 2016,60.8,23,295,373
Sat Feb  6 14:15:05 2016,60.8,22,299,375
Sat Feb  6 14:20:06 2016,60.8,23,308,381
Sat Feb  6 14:25:05 2016,60.8,24,310,379
Sat Feb  6 14:30:05 2016,60.8,23,301,377
Sat Feb  6 14:35:05 2016,60.8,23,305,379
Sat Feb  6 14:40:06 2016,60.8,24,299,381
Sat Feb  6 14:45:05 2016,60.8,24,308,378
Sat Feb  6 14:50:05 2016,60.8,24,305,382
Sat Feb  6 14:55:05 2016,60.8,24,302,378
Sat Feb  6 15:00:05 2016,60.8,24,306,381
